constructorId,driverId,driverNumber,engineManufacturerId,gap,interval,lap,position,race,time,tyreManufacturerId,year
red-bull,daniel-ricciardo,3,tag-heuer,,,49,1,01-australia,1:28.997,pirelli,2016
ferrari,sebastian-vettel,5,ferrari,+0.954,+0.954,23,2,01-australia,1:29.951,pirelli,2016
mercedes,nico-rosberg,6,mercedes,+1.560,+0.606,21,3,01-australia,1:30.557,pirelli,2016
mercedes,lewis-hamilton,44,mercedes,+1.649,+0.089,48,4,01-australia,1:30.646,pirelli,2016
ferrari,kimi-raikkonen,7,ferrari,+1.704,+0.055,21,5,01-australia,1:30.701,pirelli,2016
toro-rosso,max-verstappen,33,ferrari,+2.519,+0.815,44,6,01-australia,1:31.516,pirelli,2016
toro-rosso,carlos-sainz-jr,55,ferrari,+2.674,+0.155,23,7,01-australia,1:31.671,pirelli,2016
mclaren,jenson-button,22,honda,+2.687,+0.013,33,8,01-australia,1:31.684,pirelli,2016
williams,felipe-massa,19,mercedes,+3.291,+0.604,39,9,01-australia,1:32.288,pirelli,2016
renault,kevin-magnussen,20,renault,+3.455,+0.164,45,10,01-australia,1:32.452,pirelli,2016
mclaren,fernando-alonso,14,honda,+3.556,+0.101,14,11,01-australia,1:32.553,pirelli,2016
manor,pascal-wehrlein,94,mercedes,+3.676,+0.120,34,12,01-australia,1:32.673,pirelli,2016
sauber,felipe-nasr,12,ferrari,+3.714,+0.038,48,13,01-australia,1:32.711,pirelli,2016
williams,valtteri-bottas,77,mercedes,+3.728,+0.014,51,14,01-australia,1:32.725,pirelli,2016
force-india,sergio-perez,11,mercedes,+3.783,+0.055,39,15,01-australia,1:32.780,pirelli,2016
force-india,nico-hulkenberg,27,mercedes,+3.836,+0.053,49,16,01-australia,1:32.833,pirelli,2016
haas,romain-grosjean,8,ferrari,+3.865,+0.029,48,17,01-australia,1:32.862,pirelli,2016
renault,jolyon-palmer,30,renault,+3.958,+0.093,14,18,01-australia,1:32.955,pirelli,2016
haas,esteban-gutierrez,21,ferrari,+4.001,+0.043,4,19,01-australia,1:32.998,pirelli,2016
manor,rio-haryanto,88,mercedes,+4.850,+0.849,15,20,01-australia,1:33.847,pirelli,2016
sauber,marcus-ericsson,9,ferrari,+4.895,+0.045,15,21,01-australia,1:33.892,pirelli,2016
mercedes,nico-rosberg,6,mercedes,,,41,1,02-bahrain,1:34.482,pirelli,2016
mercedes,lewis-hamilton,44,mercedes,+0.195,+0.195,43,2,02-bahrain,1:34.677,pirelli,2016
ferrari,kimi-raikkonen,7,ferrari,+0.676,+0.481,39,3,02-bahrain,1:35.158,pirelli,2016
force-india,nico-hulkenberg,27,mercedes,+0.706,+0.030,53,4,02-bahrain,1:35.188,pirelli,2016
sauber,felipe-nasr,12,ferrari,+0.878,+0.172,49,5,02-bahrain,1:35.360,pirelli,2016
manor,pascal-wehrlein,94,mercedes,+0.966,+0.088,43,6,02-bahrain,1:35.448,pirelli,2016
toro-rosso,max-verstappen,33,ferrari,+1.022,+0.056,49,7,02-bahrain,1:35.504,pirelli,2016
red-bull,daniil-kvyat,26,tag-heuer,+1.196,+0.174,36,8,02-bahrain,1:35.678,pirelli,2016
red-bull,daniel-ricciardo,3,tag-heuer,+1.582,+0.386,44,9,02-bahrain,1:36.064,pirelli,2016
force-india,sergio-perez,11,mercedes,+1.585,+0.003,39,10,02-bahrain,1:36.067,pirelli,2016
haas,romain-grosjean,8,ferrari,+1.613,+0.028,42,11,02-bahrain,1:36.095,pirelli,2016
mclaren,stoffel-vandoorne,47,honda,+1.639,+0.026,44,12,02-bahrain,1:36.121,pirelli,2016
manor,rio-haryanto,88,mercedes,+2.203,+0.564,47,13,02-bahrain,1:36.685,pirelli,2016
renault,kevin-magnussen,20,renault,+2.248,+0.045,40,14,02-bahrain,1:36.730,pirelli,2016
williams,valtteri-bottas,77,mercedes,+2.595,+0.347,37,15,02-bahrain,1:37.077,pirelli,2016
williams,felipe-massa,19,mercedes,+3.078,+0.483,31,16,02-bahrain,1:37.560,pirelli,2016
sauber,marcus-ericsson,9,ferrari,+3.521,+0.443,32,17,02-bahrain,1:38.003,pirelli,2016
toro-rosso,carlos-sainz-jr,55,ferrari,+3.926,+0.405,22,18,02-bahrain,1:38.408,pirelli,2016
haas,esteban-gutierrez,21,ferrari,+4.859,+0.933,2,19,02-bahrain,1:39.341,pirelli,2016
mclaren,jenson-button,22,honda,+4.945,+0.086,3,20,02-bahrain,1:39.427,pirelli,2016
force-india,nico-hulkenberg,27,mercedes,,,48,1,03-china,1:39.824,pirelli,2016
haas,romain-grosjean,8,ferrari,+0.099,+0.099,47,2,03-china,1:39.923,pirelli,2016
mclaren,jenson-button,22,honda,+0.474,+0.375,46,3,03-china,1:40.298,pirelli,2016
haas,esteban-gutierrez,21,ferrari,+0.544,+0.070,45,4,03-china,1:40.368,pirelli,2016
toro-rosso,max-verstappen,33,ferrari,+0.575,+0.031,41,5,03-china,1:40.399,pirelli,2016
mercedes,nico-rosberg,6,mercedes,+0.594,+0.019,38,6,03-china,1:40.418,pirelli,2016
sauber,felipe-nasr,12,ferrari,+0.758,+0.164,42,7,03-china,1:40.582,pirelli,2016
ferrari,kimi-raikkonen,7,ferrari,+0.769,+0.011,40,8,03-china,1:40.593,pirelli,2016
ferrari,sebastian-vettel,5,ferrari,+0.786,+0.017,37,9,03-china,1:40.610,pirelli,2016
mercedes,lewis-hamilton,44,mercedes,+0.838,+0.052,32,10,03-china,1:40.662,pirelli,2016
red-bull,daniel-ricciardo,3,tag-heuer,+1.191,+0.353,55,11,03-china,1:41.015,pirelli,2016
toro-rosso,carlos-sainz-jr,55,ferrari,+1.661,+0.470,35,12,03-china,1:41.485,pirelli,2016
manor,pascal-wehrlein,94,mercedes,+1.665,+0.004,48,13,03-china,1:41.489,pirelli,2016
red-bull,daniil-kvyat,26,tag-heuer,+1.722,+0.057,38,14,03-china,1:41.546,pirelli,2016
williams,valtteri-bottas,77,mercedes,+1.734,+0.012,23,15,03-china,1:41.558,pirelli,2016
williams,felipe-massa,19,mercedes,+1.991,+0.257,34,16,03-china,1:41.815,pirelli,2016
force-india,sergio-perez,11,mercedes,+2.022,+0.031,30,17,03-china,1:41.846,pirelli,2016
manor,rio-haryanto,88,mercedes,+2.185,+0.163,42,18,03-china,1:42.009,pirelli,2016
mclaren,fernando-alonso,14,honda,+2.402,+0.217,36,19,03-china,1:42.226,pirelli,2016
renault,jolyon-palmer,30,renault,+2.408,+0.006,26,20,03-china,1:42.232,pirelli,2016
renault,kevin-magnussen,20,renault,+2.487,+0.079,22,21,03-china,1:42.311,pirelli,2016
sauber,marcus-ericsson,9,ferrari,+3.445,+0.958,41,22,03-china,1:43.269,pirelli,2016
mercedes,nico-rosberg,6,mercedes,,,52,1,04-russia,1:39.094,pirelli,2016
williams,felipe-massa,19,mercedes,+0.649,+0.649,52,2,04-russia,1:39.743,pirelli,2016
ferrari,kimi-raikkonen,7,ferrari,+1.007,+0.358,47,3,04-russia,1:40.101,pirelli,2016
mercedes,lewis-hamilton,44,mercedes,+1.172,+0.165,36,4,04-russia,1:40.266,pirelli,2016
mclaren,fernando-alonso,14,honda,+1.253,+0.081,52,5,04-russia,1:40.347,pirelli,2016
williams,valtteri-bottas,77,mercedes,+2.065,+0.812,37,6,04-russia,1:41.159,pirelli,2016
red-bull,daniel-ricciardo,3,tag-heuer,+2.085,+0.020,46,7,04-russia,1:41.179,pirelli,2016
mclaren,jenson-button,22,honda,+2.626,+0.541,50,8,04-russia,1:41.720,pirelli,2016
renault,kevin-magnussen,20,renault,+2.738,+0.112,50,9,04-russia,1:41.832,pirelli,2016
force-india,sergio-perez,11,mercedes,+2.803,+0.065,47,10,04-russia,1:41.897,pirelli,2016
manor,pascal-wehrlein,94,mercedes,+2.813,+0.010,43,11,04-russia,1:41.907,pirelli,2016
haas,romain-grosjean,8,ferrari,+2.932,+0.119,51,12,04-russia,1:42.026,pirelli,2016
toro-rosso,max-verstappen,33,ferrari,+2.935,+0.003,32,13,04-russia,1:42.029,pirelli,2016
sauber,marcus-ericsson,9,ferrari,+2.956,+0.021,45,14,04-russia,1:42.050,pirelli,2016
toro-rosso,carlos-sainz-jr,55,ferrari,+3.111,+0.155,41,15,04-russia,1:42.205,pirelli,2016
sauber,felipe-nasr,12,ferrari,+3.159,+0.048,50,16,04-russia,1:42.253,pirelli,2016
red-bull,daniil-kvyat,26,tag-heuer,+3.250,+0.091,44,17,04-russia,1:42.344,pirelli,2016
haas,esteban-gutierrez,21,ferrari,+3.284,+0.034,52,18,04-russia,1:42.378,pirelli,2016
renault,jolyon-palmer,30,renault,+3.566,+0.282,37,19,04-russia,1:42.660,pirelli,2016
toro-rosso,daniil-kvyat,26,ferrari,,,53,1,05-spain,1:26.948,pirelli,2016
ferrari,sebastian-vettel,5,ferrari,+1.026,+1.026,39,2,05-spain,1:27.974,pirelli,2016
red-bull,daniel-ricciardo,3,tag-heuer,+1.261,+0.235,46,3,05-spain,1:28.209,pirelli,2016
ferrari,kimi-raikkonen,7,ferrari,+1.590,+0.329,38,4,05-spain,1:28.538,pirelli,2016
renault,kevin-magnussen,20,renault,+1.768,+0.178,57,5,05-spain,1:28.716,pirelli,2016
red-bull,max-verstappen,33,tag-heuer,+1.868,+0.100,36,6,05-spain,1:28.816,pirelli,2016
haas,romain-grosjean,8,ferrari,+2.026,+0.158,41,7,05-spain,1:28.974,pirelli,2016
williams,valtteri-bottas,77,mercedes,+2.133,+0.107,60,8,05-spain,1:29.081,pirelli,2016
williams,felipe-massa,19,mercedes,+2.290,+0.157,43,9,05-spain,1:29.238,pirelli,2016
manor,rio-haryanto,88,mercedes,+2.454,+0.164,52,10,05-spain,1:29.402,pirelli,2016
toro-rosso,carlos-sainz-jr,55,ferrari,+2.715,+0.261,42,11,05-spain,1:29.663,pirelli,2016
sauber,marcus-ericsson,9,ferrari,+2.767,+0.052,42,12,05-spain,1:29.715,pirelli,2016
mclaren,fernando-alonso,14,honda,+2.802,+0.035,41,13,05-spain,1:29.750,pirelli,2016
renault,jolyon-palmer,30,renault,+2.831,+0.029,35,14,05-spain,1:29.779,pirelli,2016
force-india,sergio-perez,11,mercedes,+2.853,+0.022,37,15,05-spain,1:29.801,pirelli,2016
sauber,felipe-nasr,12,ferrari,+2.957,+0.104,38,16,05-spain,1:29.905,pirelli,2016
haas,esteban-gutierrez,21,ferrari,+3.191,+0.234,34,17,05-spain,1:30.139,pirelli,2016
mclaren,jenson-button,22,honda,+3.312,+0.121,39,18,05-spain,1:30.260,pirelli,2016
manor,pascal-wehrlein,94,mercedes,+4.234,+0.922,37,19,05-spain,1:31.182,pirelli,2016
force-india,nico-hulkenberg,27,mercedes,+4.862,+0.628,8,20,05-spain,1:31.810,pirelli,2016
mercedes,lewis-hamilton,44,mercedes,,,71,1,06-monaco,1:17.939,pirelli,2016
ferrari,sebastian-vettel,5,ferrari,+0.066,+0.066,62,2,06-monaco,1:18.005,pirelli,2016
red-bull,daniel-ricciardo,3,tag-heuer,+0.355,+0.289,67,3,06-monaco,1:18.294,pirelli,2016
force-india,sergio-perez,11,mercedes,+0.507,+0.152,64,4,06-monaco,1:18.446,pirelli,2016
toro-rosso,carlos-sainz-jr,55,ferrari,+0.580,+0.073,70,5,06-monaco,1:18.519,pirelli,2016
mercedes,nico-rosberg,6,mercedes,+0.824,+0.244,74,6,06-monaco,1:18.763,pirelli,2016
haas,esteban-gutierrez,21,ferrari,+1.192,+0.368,69,7,06-monaco,1:19.131,pirelli,2016
mclaren,fernando-alonso,14,honda,+1.231,+0.039,72,8,06-monaco,1:19.170,pirelli,2016
williams,felipe-massa,19,mercedes,+1.274,+0.043,69,9,06-monaco,1:19.213,pirelli,2016
williams,valtteri-bottas,77,mercedes,+1.284,+0.010,66,10,06-monaco,1:19.223,pirelli,2016
force-india,nico-hulkenberg,27,mercedes,+1.293,+0.009,74,11,06-monaco,1:19.232,pirelli,2016
mclaren,jenson-button,22,honda,+1.731,+0.438,66,12,06-monaco,1:19.670,pirelli,2016
manor,rio-haryanto,88,mercedes,+1.929,+0.198,70,13,06-monaco,1:19.868,pirelli,2016
haas,romain-grosjean,8,ferrari,+2.280,+0.351,65,14,06-monaco,1:20.219,pirelli,2016
manor,pascal-wehrlein,94,mercedes,+2.433,+0.153,60,15,06-monaco,1:20.372,pirelli,2016
sauber,marcus-ericsson,9,ferrari,+3.403,+0.970,51,16,06-monaco,1:21.342,pirelli,2016
sauber,felipe-nasr,12,ferrari,+3.950,+0.547,46,17,06-monaco,1:21.889,pirelli,2016
red-bull,max-verstappen,33,tag-heuer,+8.624,+4.674,34,18,06-monaco,1:26.563,pirelli,2016
renault,kevin-magnussen,20,renault,+11.863,+3.239,27,19,06-monaco,1:29.802,pirelli,2016
toro-rosso,daniil-kvyat,26,ferrari,+19.956,+8.093,14,20,06-monaco,1:37.895,pirelli,2016
ferrari,kimi-raikkonen,7,ferrari,+29.210,+9.254,10,21,06-monaco,1:47.149,pirelli,2016
renault,jolyon-palmer,30,renault,+40.535,+11.325,2,22,06-monaco,1:58.474,pirelli,2016
mercedes,nico-rosberg,6,mercedes,,,60,1,07-canada,1:15.599,pirelli,2016
mercedes,lewis-hamilton,44,mercedes,+0.382,+0.382,68,2,07-canada,1:15.981,pirelli,2016
ferrari,sebastian-vettel,5,ferrari,+0.698,+0.316,70,3,07-canada,1:16.297,pirelli,2016
red-bull,max-verstappen,33,tag-heuer,+0.720,+0.022,49,4,07-canada,1:16.319,pirelli,2016
red-bull,daniel-ricciardo,3,tag-heuer,+0.907,+0.187,51,5,07-canada,1:16.506,pirelli,2016
force-india,sergio-perez,11,mercedes,+0.960,+0.053,54,6,07-canada,1:16.559,pirelli,2016
toro-rosso,carlos-sainz-jr,55,ferrari,+0.979,+0.019,54,7,07-canada,1:16.578,pirelli,2016
force-india,nico-hulkenberg,27,mercedes,+1.005,+0.026,68,8,07-canada,1:16.604,pirelli,2016
ferrari,kimi-raikkonen,7,ferrari,+1.320,+0.315,44,9,07-canada,1:16.919,pirelli,2016
williams,valtteri-bottas,77,mercedes,+1.339,+0.019,68,10,07-canada,1:16.938,pirelli,2016
toro-rosso,daniil-kvyat,26,ferrari,+1.343,+0.004,50,11,07-canada,1:16.942,pirelli,2016
haas,romain-grosjean,8,ferrari,+1.682,+0.339,50,12,07-canada,1:17.281,pirelli,2016
mclaren,fernando-alonso,14,honda,+1.708,+0.026,67,13,07-canada,1:17.307,pirelli,2016
williams,felipe-massa,19,mercedes,+1.825,+0.117,32,14,07-canada,1:17.424,pirelli,2016
haas,esteban-gutierrez,21,ferrari,+2.129,+0.304,48,15,07-canada,1:17.728,pirelli,2016
sauber,felipe-nasr,12,ferrari,+2.284,+0.155,66,16,07-canada,1:17.883,pirelli,2016
sauber,marcus-ericsson,9,ferrari,+2.501,+0.217,63,17,07-canada,1:18.100,pirelli,2016
renault,kevin-magnussen,20,renault,+2.625,+0.124,42,18,07-canada,1:18.224,pirelli,2016
manor,pascal-wehrlein,94,mercedes,+2.683,+0.058,48,19,07-canada,1:18.282,pirelli,2016
manor,rio-haryanto,88,mercedes,+3.059,+0.376,57,20,07-canada,1:18.658,pirelli,2016
mclaren,jenson-button,22,honda,+3.857,+0.798,5,21,07-canada,1:19.456,pirelli,2016
renault,jolyon-palmer,30,renault,+4.280,+0.423,6,22,07-canada,1:19.879,pirelli,2016
mercedes,nico-rosberg,6,mercedes,,,48,1,08-europe,1:46.485,pirelli,2016
mercedes,lewis-hamilton,44,mercedes,+0.337,+0.337,42,2,08-europe,1:46.822,pirelli,2016
red-bull,max-verstappen,33,tag-heuer,+0.488,+0.151,50,3,08-europe,1:46.973,pirelli,2016
force-india,sergio-perez,11,mercedes,+0.505,+0.017,45,4,08-europe,1:46.990,pirelli,2016
ferrari,sebastian-vettel,5,ferrari,+0.543,+0.038,49,5,08-europe,1:47.028,pirelli,2016
ferrari,kimi-raikkonen,7,ferrari,+0.696,+0.153,41,6,08-europe,1:47.181,pirelli,2016
haas,esteban-gutierrez,21,ferrari,+1.078,+0.382,50,7,08-europe,1:47.563,pirelli,2016
renault,jolyon-palmer,30,renault,+1.098,+0.020,48,8,08-europe,1:47.583,pirelli,2016
williams,valtteri-bottas,77,mercedes,+1.119,+0.021,50,9,08-europe,1:47.604,pirelli,2016
mclaren,jenson-button,22,honda,+1.137,+0.018,50,10,08-europe,1:47.622,pirelli,2016
sauber,felipe-nasr,12,ferrari,+1.223,+0.086,48,11,08-europe,1:47.708,pirelli,2016
red-bull,daniel-ricciardo,3,tag-heuer,+1.251,+0.028,51,12,08-europe,1:47.736,pirelli,2016
williams,felipe-massa,19,mercedes,+1.276,+0.025,35,13,08-europe,1:47.761,pirelli,2016
haas,romain-grosjean,8,ferrari,+1.458,+0.182,48,14,08-europe,1:47.943,pirelli,2016
force-india,nico-hulkenberg,27,mercedes,+1.527,+0.069,37,15,08-europe,1:48.012,pirelli,2016
toro-rosso,carlos-sainz-jr,55,ferrari,+2.319,+0.792,31,16,08-europe,1:48.804,pirelli,2016
sauber,marcus-ericsson,9,ferrari,+2.413,+0.094,48,17,08-europe,1:48.898,pirelli,2016
mclaren,fernando-alonso,14,honda,+2.616,+0.203,27,18,08-europe,1:49.101,pirelli,2016
renault,kevin-magnussen,20,renault,+2.797,+0.181,41,19,08-europe,1:49.282,pirelli,2016
manor,pascal-wehrlein,94,mercedes,+4.086,+1.289,33,20,08-europe,1:50.571,pirelli,2016
manor,rio-haryanto,88,mercedes,+4.880,+0.794,27,21,08-europe,1:51.365,pirelli,2016
toro-rosso,daniil-kvyat,26,ferrari,+6.682,+1.802,2,22,08-europe,1:53.167,pirelli,2016
mercedes,lewis-hamilton,44,mercedes,,,67,1,09-austria,1:08.411,pirelli,2016
mercedes,nico-rosberg,6,mercedes,+0.080,+0.080,66,2,09-austria,1:08.491,pirelli,2016
red-bull,daniel-ricciardo,3,tag-heuer,+0.359,+0.279,66,3,09-austria,1:08.770,pirelli,2016
ferrari,kimi-raikkonen,7,ferrari,+0.465,+0.106,66,4,09-austria,1:08.876,pirelli,2016
red-bull,max-verstappen,33,tag-heuer,+1.207,+0.742,69,5,09-austria,1:09.618,pirelli,2016
haas,esteban-gutierrez,21,ferrari,+1.283,+0.076,55,6,09-austria,1:09.694,pirelli,2016
williams,felipe-massa,19,mercedes,+1.488,+0.205,59,7,09-austria,1:09.899,pirelli,2016
haas,romain-grosjean,8,ferrari,+1.514,+0.026,67,8,09-austria,1:09.925,pirelli,2016
mclaren,jenson-button,22,honda,+1.590,+0.076,70,9,09-austria,1:10.001,pirelli,2016
force-india,sergio-perez,11,mercedes,+1.709,+0.119,66,10,09-austria,1:10.120,pirelli,2016
toro-rosso,carlos-sainz-jr,55,ferrari,+1.727,+0.018,68,11,09-austria,1:10.138,pirelli,2016
williams,valtteri-bottas,77,mercedes,+1.799,+0.072,55,12,09-austria,1:10.210,pirelli,2016
renault,jolyon-palmer,30,renault,+1.817,+0.018,53,13,09-austria,1:10.228,pirelli,2016
force-india,nico-hulkenberg,27,mercedes,+1.898,+0.081,53,14,09-austria,1:10.309,pirelli,2016
manor,rio-haryanto,88,mercedes,+1.931,+0.033,66,15,09-austria,1:10.342,pirelli,2016
sauber,felipe-nasr,12,ferrari,+2.004,+0.073,46,16,09-austria,1:10.415,pirelli,2016
renault,kevin-magnussen,20,renault,+2.039,+0.035,56,17,09-austria,1:10.450,pirelli,2016
sauber,marcus-ericsson,9,ferrari,+2.293,+0.254,58,18,09-austria,1:10.704,pirelli,2016
manor,pascal-wehrlein,94,mercedes,+2.448,+0.155,67,19,09-austria,1:10.859,pirelli,2016
mclaren,fernando-alonso,14,honda,+2.609,+0.161,44,20,09-austria,1:11.020,pirelli,2016
ferrari,sebastian-vettel,5,ferrari,+3.030,+0.421,10,21,09-austria,1:11.441,pirelli,2016
toro-rosso,daniil-kvyat,26,ferrari,+9.891,+6.861,2,22,09-austria,1:18.302,pirelli,2016
mercedes,nico-rosberg,6,mercedes,,,44,1,10-great-britain,1:35.548,pirelli,2016
mclaren,fernando-alonso,14,honda,+0.121,+0.121,43,2,10-great-britain,1:35.669,pirelli,2016
mercedes,lewis-hamilton,44,mercedes,+0.223,+0.102,45,3,10-great-britain,1:35.771,pirelli,2016
red-bull,daniel-ricciardo,3,tag-heuer,+0.465,+0.242,52,4,10-great-britain,1:36.013,pirelli,2016
williams,felipe-massa,19,mercedes,+0.593,+0.128,40,5,10-great-britain,1:36.141,pirelli,2016
red-bull,max-verstappen,33,tag-heuer,+0.859,+0.266,41,6,10-great-britain,1:36.407,pirelli,2016
ferrari,sebastian-vettel,5,ferrari,+1.385,+0.526,44,7,10-great-britain,1:36.933,pirelli,2016
ferrari,kimi-raikkonen,7,ferrari,+1.446,+0.061,39,8,10-great-britain,1:36.994,pirelli,2016
williams,valtteri-bottas,77,mercedes,+1.835,+0.389,45,9,10-great-britain,1:37.383,pirelli,2016
toro-rosso,carlos-sainz-jr,55,ferrari,+1.853,+0.018,43,10,10-great-britain,1:37.401,pirelli,2016
force-india,nico-hulkenberg,27,mercedes,+2.070,+0.217,51,11,10-great-britain,1:37.618,pirelli,2016
renault,kevin-magnussen,20,renault,+2.071,+0.001,43,12,10-great-britain,1:37.619,pirelli,2016
toro-rosso,daniil-kvyat,26,ferrari,+2.119,+0.048,35,13,10-great-britain,1:37.667,pirelli,2016
haas,esteban-gutierrez,21,ferrari,+2.165,+0.046,44,14,10-great-britain,1:37.713,pirelli,2016
force-india,sergio-perez,11,mercedes,+2.352,+0.187,35,15,10-great-britain,1:37.900,pirelli,2016
mclaren,jenson-button,22,honda,+2.359,+0.007,36,16,10-great-britain,1:37.907,pirelli,2016
sauber,felipe-nasr,12,ferrari,+3.162,+0.803,43,17,10-great-britain,1:38.710,pirelli,2016
renault,jolyon-palmer,30,renault,+4.207,+1.045,36,18,10-great-britain,1:39.755,pirelli,2016
manor,rio-haryanto,88,mercedes,+5.832,+1.625,23,19,10-great-britain,1:41.380,pirelli,2016
haas,romain-grosjean,8,ferrari,+19.959,+14.127,14,20,10-great-britain,1:55.507,pirelli,2016
sauber,marcus-ericsson,9,ferrari,+24.738,+4.779,9,21,10-great-britain,2:00.286,pirelli,2016
manor,pascal-wehrlein,94,mercedes,+1:13.256,+48.518,4,22,10-great-britain,2:48.804,pirelli,2016
ferrari,kimi-raikkonen,7,ferrari,,,52,1,11-hungary,1:23.086,pirelli,2016
mercedes,nico-rosberg,6,mercedes,+0.584,+0.584,60,2,11-hungary,1:23.670,pirelli,2016
mercedes,lewis-hamilton,44,mercedes,+0.763,+0.179,69,3,11-hungary,1:23.849,pirelli,2016
ferrari,sebastian-vettel,5,ferrari,+1.297,+0.534,59,4,11-hungary,1:24.383,pirelli,2016
red-bull,daniel-ricciardo,3,tag-heuer,+1.522,+0.225,60,5,11-hungary,1:24.608,pirelli,2016
toro-rosso,daniil-kvyat,26,ferrari,+1.583,+0.061,48,6,11-hungary,1:24.669,pirelli,2016
red-bull,max-verstappen,33,tag-heuer,+1.601,+0.018,40,7,11-hungary,1:24.687,pirelli,2016
mclaren,fernando-alonso,14,honda,+1.872,+0.271,62,8,11-hungary,1:24.958,pirelli,2016
force-india,sergio-perez,11,mercedes,+1.935,+0.063,65,9,11-hungary,1:25.021,pirelli,2016
toro-rosso,carlos-sainz-jr,55,ferrari,+2.017,+0.082,67,10,11-hungary,1:25.103,pirelli,2016
williams,valtteri-bottas,77,mercedes,+2.187,+0.170,59,11,11-hungary,1:25.273,pirelli,2016
williams,felipe-massa,19,mercedes,+2.210,+0.023,68,12,11-hungary,1:25.296,pirelli,2016
force-india,nico-hulkenberg,27,mercedes,+2.306,+0.096,69,13,11-hungary,1:25.392,pirelli,2016
sauber,marcus-ericsson,9,ferrari,+2.389,+0.083,47,14,11-hungary,1:25.475,pirelli,2016
sauber,felipe-nasr,12,ferrari,+2.590,+0.201,66,15,11-hungary,1:25.676,pirelli,2016
renault,jolyon-palmer,30,renault,+2.657,+0.067,41,16,11-hungary,1:25.743,pirelli,2016
haas,esteban-gutierrez,21,ferrari,+2.869,+0.212,39,17,11-hungary,1:25.955,pirelli,2016
haas,romain-grosjean,8,ferrari,+2.872,+0.003,56,18,11-hungary,1:25.958,pirelli,2016
renault,kevin-magnussen,20,renault,+3.144,+0.272,39,19,11-hungary,1:26.230,pirelli,2016
manor,pascal-wehrlein,94,mercedes,+3.438,+0.294,47,20,11-hungary,1:26.524,pirelli,2016
mclaren,jenson-button,22,honda,+3.658,+0.220,9,21,11-hungary,1:26.744,pirelli,2016
manor,rio-haryanto,88,mercedes,+4.705,+1.047,64,22,11-hungary,1:27.791,pirelli,2016
red-bull,daniel-ricciardo,3,tag-heuer,,,48,1,12-germany,1:18.442,pirelli,2016
ferrari,sebastian-vettel,5,ferrari,+0.268,+0.268,48,2,12-germany,1:18.710,pirelli,2016
mercedes,lewis-hamilton,44,mercedes,+0.304,+0.036,52,3,12-germany,1:18.746,pirelli,2016
red-bull,max-verstappen,33,tag-heuer,+0.468,+0.164,47,4,12-germany,1:18.910,pirelli,2016
mercedes,nico-rosberg,6,mercedes,+0.680,+0.212,51,5,12-germany,1:19.122,pirelli,2016
ferrari,kimi-raikkonen,7,ferrari,+1.130,+0.450,36,6,12-germany,1:19.572,pirelli,2016
toro-rosso,daniil-kvyat,26,ferrari,+1.143,+0.013,51,7,12-germany,1:19.585,pirelli,2016
force-india,sergio-perez,11,mercedes,+1.164,+0.021,46,8,12-germany,1:19.606,pirelli,2016
mclaren,jenson-button,22,honda,+1.339,+0.175,48,9,12-germany,1:19.781,pirelli,2016
haas,esteban-gutierrez,21,ferrari,+1.441,+0.102,56,10,12-germany,1:19.883,pirelli,2016
toro-rosso,carlos-sainz-jr,55,ferrari,+1.515,+0.074,54,11,12-germany,1:19.957,pirelli,2016
force-india,nico-hulkenberg,27,mercedes,+1.614,+0.099,46,12,12-germany,1:20.056,pirelli,2016
mclaren,fernando-alonso,14,honda,+1.690,+0.076,50,13,12-germany,1:20.132,pirelli,2016
haas,romain-grosjean,8,ferrari,+1.808,+0.118,58,14,12-germany,1:20.250,pirelli,2016
williams,valtteri-bottas,77,mercedes,+2.000,+0.192,36,15,12-germany,1:20.442,pirelli,2016
manor,pascal-wehrlein,94,mercedes,+2.268,+0.268,49,16,12-germany,1:20.710,pirelli,2016
renault,jolyon-palmer,30,renault,+2.685,+0.417,55,17,12-germany,1:21.127,pirelli,2016
sauber,marcus-ericsson,9,ferrari,+2.770,+0.085,35,18,12-germany,1:21.212,pirelli,2016
sauber,felipe-nasr,12,ferrari,+2.978,+0.208,45,19,12-germany,1:21.420,pirelli,2016
williams,felipe-massa,19,mercedes,+3.034,+0.056,31,20,12-germany,1:21.476,pirelli,2016
renault,kevin-magnussen,20,renault,+3.207,+0.173,42,21,12-germany,1:21.649,pirelli,2016
manor,rio-haryanto,88,mercedes,+3.403,+0.196,56,22,12-germany,1:21.845,pirelli,2016
mercedes,lewis-hamilton,44,mercedes,,,40,1,13-belgium,1:51.583,pirelli,2016
mercedes,nico-rosberg,6,mercedes,+0.163,+0.163,11,2,13-belgium,1:51.746,pirelli,2016
toro-rosso,daniil-kvyat,26,ferrari,+0.498,+0.335,37,3,13-belgium,1:52.081,pirelli,2016
red-bull,daniel-ricciardo,3,tag-heuer,+0.878,+0.380,11,4,13-belgium,1:52.461,pirelli,2016
ferrari,sebastian-vettel,5,ferrari,+1.145,+0.267,35,5,13-belgium,1:52.728,pirelli,2016
renault,jolyon-palmer,30,renault,+1.668,+0.523,41,6,13-belgium,1:53.251,pirelli,2016
red-bull,max-verstappen,33,tag-heuer,+1.698,+0.030,32,7,13-belgium,1:53.281,pirelli,2016
force-india,sergio-perez,11,mercedes,+1.831,+0.133,34,8,13-belgium,1:53.414,pirelli,2016
ferrari,kimi-raikkonen,7,ferrari,+1.915,+0.084,27,9,13-belgium,1:53.498,pirelli,2016
force-india,nico-hulkenberg,27,mercedes,+1.947,+0.032,41,10,13-belgium,1:53.530,pirelli,2016
haas,romain-grosjean,8,ferrari,+2.220,+0.273,25,11,13-belgium,1:53.803,pirelli,2016
williams,valtteri-bottas,77,mercedes,+2.537,+0.317,31,12,13-belgium,1:54.120,pirelli,2016
haas,esteban-gutierrez,21,ferrari,+2.752,+0.215,26,13,13-belgium,1:54.335,pirelli,2016
williams,felipe-massa,19,mercedes,+2.759,+0.007,25,14,13-belgium,1:54.342,pirelli,2016
mclaren,fernando-alonso,14,honda,+2.901,+0.142,43,15,13-belgium,1:54.484,pirelli,2016
manor,esteban-ocon,31,mercedes,+4.151,+1.250,26,16,13-belgium,1:55.734,pirelli,2016
sauber,felipe-nasr,12,ferrari,+4.569,+0.418,31,17,13-belgium,1:56.152,pirelli,2016
renault,kevin-magnussen,20,renault,+5.005,+0.436,4,18,13-belgium,1:56.588,pirelli,2016
sauber,marcus-ericsson,9,ferrari,+23.672,+18.667,2,19,13-belgium,2:15.255,pirelli,2016
mclaren,fernando-alonso,14,honda,,,51,1,14-italy,1:25.340,pirelli,2016
red-bull,daniel-ricciardo,3,tag-heuer,+0.579,+0.579,52,2,14-italy,1:25.919,pirelli,2016
ferrari,kimi-raikkonen,7,ferrari,+0.676,+0.097,50,3,14-italy,1:26.016,pirelli,2016
mercedes,lewis-hamilton,44,mercedes,+0.963,+0.287,27,4,14-italy,1:26.303,pirelli,2016
ferrari,sebastian-vettel,5,ferrari,+0.970,+0.007,48,5,14-italy,1:26.310,pirelli,2016
mclaren,jenson-button,22,honda,+1.014,+0.044,40,6,14-italy,1:26.354,pirelli,2016
williams,felipe-massa,19,mercedes,+1.060,+0.046,50,7,14-italy,1:26.400,pirelli,2016
red-bull,max-verstappen,33,tag-heuer,+1.065,+0.005,50,8,14-italy,1:26.405,pirelli,2016
mercedes,nico-rosberg,6,mercedes,+1.259,+0.194,26,9,14-italy,1:26.599,pirelli,2016
williams,valtteri-bottas,77,mercedes,+1.368,+0.109,46,10,14-italy,1:26.708,pirelli,2016
toro-rosso,carlos-sainz-jr,55,ferrari,+1.411,+0.043,41,11,14-italy,1:26.751,pirelli,2016
force-india,sergio-perez,11,mercedes,+1.580,+0.169,40,12,14-italy,1:26.920,pirelli,2016
force-india,nico-hulkenberg,27,mercedes,+1.614,+0.034,40,13,14-italy,1:26.954,pirelli,2016
haas,esteban-gutierrez,21,ferrari,+1.766,+0.152,42,14,14-italy,1:27.106,pirelli,2016
haas,romain-grosjean,8,ferrari,+1.887,+0.121,50,15,14-italy,1:27.227,pirelli,2016
renault,kevin-magnussen,20,renault,+2.278,+0.391,52,16,14-italy,1:27.618,pirelli,2016
toro-rosso,daniil-kvyat,26,ferrari,+2.697,+0.419,35,17,14-italy,1:28.037,pirelli,2016
manor,esteban-ocon,31,mercedes,+3.194,+0.497,51,18,14-italy,1:28.534,pirelli,2016
sauber,marcus-ericsson,9,ferrari,+3.212,+0.018,37,19,14-italy,1:28.552,pirelli,2016
manor,pascal-wehrlein,94,mercedes,+3.383,+0.171,18,20,14-italy,1:28.723,pirelli,2016
renault,jolyon-palmer,30,renault,+6.021,+2.638,4,21,14-italy,1:31.361,pirelli,2016
red-bull,daniel-ricciardo,3,tag-heuer,,,49,1,15-singapore,1:47.187,pirelli,2016
ferrari,sebastian-vettel,5,ferrari,+0.158,+0.158,45,2,15-singapore,1:47.345,pirelli,2016
mercedes,lewis-hamilton,44,mercedes,+0.565,+0.407,52,3,15-singapore,1:47.752,pirelli,2016
ferrari,kimi-raikkonen,7,ferrari,+1.017,+0.452,51,4,15-singapore,1:48.204,pirelli,2016
red-bull,max-verstappen,33,tag-heuer,+1.863,+0.846,46,5,15-singapore,1:49.050,pirelli,2016
mercedes,nico-rosberg,6,mercedes,+3.109,+1.246,38,6,15-singapore,1:50.296,pirelli,2016
toro-rosso,carlos-sainz-jr,55,ferrari,+3.345,+0.236,56,7,15-singapore,1:50.532,pirelli,2016
renault,kevin-magnussen,20,renault,+3.671,+0.326,44,8,15-singapore,1:50.858,pirelli,2016
toro-rosso,daniil-kvyat,26,ferrari,+3.757,+0.086,39,9,15-singapore,1:50.944,pirelli,2016
sauber,marcus-ericsson,9,ferrari,+3.776,+0.019,27,10,15-singapore,1:50.963,pirelli,2016
haas,esteban-gutierrez,21,ferrari,+3.888,+0.112,39,11,15-singapore,1:51.075,pirelli,2016
mclaren,fernando-alonso,14,honda,+4.062,+0.174,49,12,15-singapore,1:51.249,pirelli,2016
williams,valtteri-bottas,77,mercedes,+4.181,+0.119,17,13,15-singapore,1:51.368,pirelli,2016
williams,felipe-massa,19,mercedes,+4.268,+0.087,53,14,15-singapore,1:51.455,pirelli,2016
force-india,sergio-perez,11,mercedes,+4.330,+0.062,34,15,15-singapore,1:51.517,pirelli,2016
mclaren,jenson-button,22,honda,+4.444,+0.114,18,16,15-singapore,1:51.631,pirelli,2016
sauber,felipe-nasr,12,ferrari,+4.496,+0.052,41,17,15-singapore,1:51.683,pirelli,2016
manor,esteban-ocon,31,mercedes,+4.561,+0.065,47,18,15-singapore,1:51.748,pirelli,2016
renault,jolyon-palmer,30,renault,+4.590,+0.029,36,19,15-singapore,1:51.777,pirelli,2016
manor,pascal-wehrlein,94,mercedes,+4.834,+0.244,40,20,15-singapore,1:52.021,pirelli,2016
mercedes,nico-rosberg,6,mercedes,,,44,1,16-malaysia,1:36.424,pirelli,2016
red-bull,max-verstappen,33,tag-heuer,+0.952,+0.952,44,2,16-malaysia,1:37.376,pirelli,2016
red-bull,daniel-ricciardo,3,tag-heuer,+1.025,+0.073,44,3,16-malaysia,1:37.449,pirelli,2016
ferrari,kimi-raikkonen,7,ferrari,+1.042,+0.017,47,4,16-malaysia,1:37.466,pirelli,2016
force-india,nico-hulkenberg,27,mercedes,+1.369,+0.327,43,5,16-malaysia,1:37.793,pirelli,2016
mclaren,fernando-alonso,14,honda,+1.867,+0.498,44,6,16-malaysia,1:38.291,pirelli,2016
mercedes,lewis-hamilton,44,mercedes,+2.171,+0.304,31,7,16-malaysia,1:38.595,pirelli,2016
mclaren,jenson-button,22,honda,+2.316,+0.145,51,8,16-malaysia,1:38.740,pirelli,2016
williams,valtteri-bottas,77,mercedes,+2.775,+0.459,53,9,16-malaysia,1:39.199,pirelli,2016
toro-rosso,carlos-sainz-jr,55,ferrari,+2.819,+0.044,44,10,16-malaysia,1:39.243,pirelli,2016
force-india,sergio-perez,11,mercedes,+2.904,+0.085,51,11,16-malaysia,1:39.328,pirelli,2016
renault,jolyon-palmer,30,renault,+2.926,+0.022,53,12,16-malaysia,1:39.350,pirelli,2016
manor,pascal-wehrlein,94,mercedes,+3.229,+0.303,55,13,16-malaysia,1:39.653,pirelli,2016
sauber,marcus-ericsson,9,ferrari,+3.357,+0.128,55,14,16-malaysia,1:39.781,pirelli,2016
toro-rosso,daniil-kvyat,26,ferrari,+3.374,+0.017,43,15,16-malaysia,1:39.798,pirelli,2016
williams,felipe-massa,19,mercedes,+3.496,+0.122,53,16,16-malaysia,1:39.920,pirelli,2016
sauber,felipe-nasr,12,ferrari,+4.066,+0.570,43,17,16-malaysia,1:40.490,pirelli,2016
manor,esteban-ocon,31,mercedes,+5.043,+0.977,45,18,16-malaysia,1:41.467,pirelli,2016
haas,esteban-gutierrez,21,ferrari,+5.351,+0.308,37,19,16-malaysia,1:41.775,pirelli,2016
haas,romain-grosjean,8,ferrari,+5.718,+0.367,7,20,16-malaysia,1:42.142,pirelli,2016
renault,kevin-magnussen,20,renault,+6.955,+1.237,3,21,16-malaysia,1:43.379,pirelli,2016
ferrari,sebastian-vettel,5,ferrari,,,36,1,17-japan,1:35.118,pirelli,2016
mercedes,lewis-hamilton,44,mercedes,+0.034,+0.034,36,2,17-japan,1:35.152,pirelli,2016
red-bull,daniel-ricciardo,3,tag-heuer,+0.393,+0.359,36,3,17-japan,1:35.511,pirelli,2016
ferrari,kimi-raikkonen,7,ferrari,+0.872,+0.479,33,4,17-japan,1:35.990,pirelli,2016
mercedes,nico-rosberg,6,mercedes,+0.931,+0.059,31,5,17-japan,1:36.049,pirelli,2016
red-bull,max-verstappen,33,tag-heuer,+1.268,+0.337,43,6,17-japan,1:36.386,pirelli,2016
force-india,sergio-perez,11,mercedes,+1.638,+0.370,31,7,17-japan,1:36.756,pirelli,2016
haas,romain-grosjean,8,ferrari,+1.902,+0.264,32,8,17-japan,1:37.020,pirelli,2016
mclaren,jenson-button,22,honda,+2.059,+0.157,39,9,17-japan,1:37.177,pirelli,2016
force-india,nico-hulkenberg,27,mercedes,+2.233,+0.174,39,10,17-japan,1:37.351,pirelli,2016
toro-rosso,daniil-kvyat,26,ferrari,+2.479,+0.246,25,11,17-japan,1:37.597,pirelli,2016
toro-rosso,carlos-sainz-jr,55,ferrari,+2.605,+0.126,41,12,17-japan,1:37.723,pirelli,2016
haas,esteban-gutierrez,21,ferrari,+2.657,+0.052,30,13,17-japan,1:37.775,pirelli,2016
williams,felipe-massa,19,mercedes,+2.667,+0.010,35,14,17-japan,1:37.785,pirelli,2016
williams,valtteri-bottas,77,mercedes,+2.726,+0.059,33,15,17-japan,1:37.844,pirelli,2016
renault,jolyon-palmer,30,renault,+2.860,+0.134,43,16,17-japan,1:37.978,pirelli,2016
manor,pascal-wehrlein,94,mercedes,+2.882,+0.022,39,17,17-japan,1:38.000,pirelli,2016
renault,kevin-magnussen,20,renault,+2.918,+0.036,27,18,17-japan,1:38.036,pirelli,2016
mclaren,fernando-alonso,14,honda,+3.090,+0.172,29,19,17-japan,1:38.208,pirelli,2016
manor,esteban-ocon,31,mercedes,+3.262,+0.172,33,20,17-japan,1:38.380,pirelli,2016
sauber,marcus-ericsson,9,ferrari,+3.378,+0.116,28,21,17-japan,1:38.496,pirelli,2016
sauber,felipe-nasr,12,ferrari,+3.426,+0.048,28,22,17-japan,1:38.544,pirelli,2016
ferrari,sebastian-vettel,5,ferrari,,,55,1,18-united-states,1:39.877,pirelli,2016
ferrari,kimi-raikkonen,7,ferrari,+1.964,+1.964,26,2,18-united-states,1:41.841,pirelli,2016
mercedes,nico-rosberg,6,mercedes,+2.020,+0.056,34,3,18-united-states,1:41.897,pirelli,2016
mercedes,lewis-hamilton,44,mercedes,+2.509,+0.489,45,4,18-united-states,1:42.386,pirelli,2016
red-bull,max-verstappen,33,tag-heuer,+2.547,+0.038,28,5,18-united-states,1:42.424,pirelli,2016
renault,kevin-magnussen,20,renault,+2.598,+0.051,45,6,18-united-states,1:42.475,pirelli,2016
red-bull,daniel-ricciardo,3,tag-heuer,+2.678,+0.080,51,7,18-united-states,1:42.555,pirelli,2016
toro-rosso,carlos-sainz-jr,55,ferrari,+2.955,+0.277,33,8,18-united-states,1:42.832,pirelli,2016
williams,felipe-massa,19,mercedes,+3.537,+0.582,33,9,18-united-states,1:43.414,pirelli,2016
mclaren,fernando-alonso,14,honda,+3.625,+0.088,36,10,18-united-states,1:43.502,pirelli,2016
manor,esteban-ocon,31,mercedes,+3.708,+0.083,46,11,18-united-states,1:43.585,pirelli,2016
force-india,sergio-perez,11,mercedes,+4.048,+0.340,33,12,18-united-states,1:43.925,pirelli,2016
sauber,felipe-nasr,12,ferrari,+4.240,+0.192,55,13,18-united-states,1:44.117,pirelli,2016
haas,romain-grosjean,8,ferrari,+4.458,+0.218,35,14,18-united-states,1:44.335,pirelli,2016
mclaren,jenson-button,22,honda,+4.591,+0.133,37,15,18-united-states,1:44.468,pirelli,2016
renault,jolyon-palmer,30,renault,+4.847,+0.256,18,16,18-united-states,1:44.724,pirelli,2016
toro-rosso,daniil-kvyat,26,ferrari,+4.853,+0.006,48,17,18-united-states,1:44.730,pirelli,2016
williams,valtteri-bottas,77,mercedes,+5.100,+0.247,34,18,18-united-states,1:44.977,pirelli,2016
sauber,marcus-ericsson,9,ferrari,+5.263,+0.163,19,19,18-united-states,1:45.140,pirelli,2016
haas,esteban-gutierrez,21,ferrari,+5.487,+0.224,15,20,18-united-states,1:45.364,pirelli,2016
manor,pascal-wehrlein,94,mercedes,+5.574,+0.087,36,21,18-united-states,1:45.451,pirelli,2016
red-bull,daniel-ricciardo,3,tag-heuer,,,53,1,19-mexico,1:21.134,pirelli,2016
ferrari,sebastian-vettel,5,ferrari,+1.363,+1.363,61,2,19-mexico,1:22.497,pirelli,2016
ferrari,kimi-raikkonen,7,ferrari,+1.378,+0.015,47,3,19-mexico,1:22.512,pirelli,2016
mercedes,lewis-hamilton,44,mercedes,+1.462,+0.084,66,4,19-mexico,1:22.596,pirelli,2016
mercedes,nico-rosberg,6,mercedes,+1.658,+0.196,43,5,19-mexico,1:22.792,pirelli,2016
red-bull,max-verstappen,33,tag-heuer,+1.753,+0.095,66,6,19-mexico,1:22.887,pirelli,2016
renault,kevin-magnussen,20,renault,+2.012,+0.259,53,7,19-mexico,1:23.146,pirelli,2016
haas,romain-grosjean,8,ferrari,+2.144,+0.132,53,8,19-mexico,1:23.278,pirelli,2016
force-india,nico-hulkenberg,27,mercedes,+2.154,+0.010,50,9,19-mexico,1:23.288,pirelli,2016
haas,esteban-gutierrez,21,ferrari,+2.322,+0.168,63,10,19-mexico,1:23.456,pirelli,2016
williams,valtteri-bottas,77,mercedes,+2.406,+0.084,65,11,19-mexico,1:23.540,pirelli,2016
williams,felipe-massa,19,mercedes,+2.442,+0.036,64,12,19-mexico,1:23.576,pirelli,2016
force-india,sergio-perez,11,mercedes,+2.473,+0.031,62,13,19-mexico,1:23.607,pirelli,2016
toro-rosso,daniil-kvyat,26,ferrari,+2.484,+0.011,59,14,19-mexico,1:23.618,pirelli,2016
sauber,felipe-nasr,12,ferrari,+2.523,+0.039,58,15,19-mexico,1:23.657,pirelli,2016
mclaren,fernando-alonso,14,honda,+2.534,+0.011,69,16,19-mexico,1:23.668,pirelli,2016
mclaren,jenson-button,22,honda,+2.643,+0.109,70,17,19-mexico,1:23.777,pirelli,2016
sauber,marcus-ericsson,9,ferrari,+3.206,+0.563,65,18,19-mexico,1:24.340,pirelli,2016
toro-rosso,carlos-sainz-jr,55,ferrari,+3.333,+0.127,52,19,19-mexico,1:24.467,pirelli,2016
renault,jolyon-palmer,30,renault,+3.440,+0.107,64,20,19-mexico,1:24.574,pirelli,2016
manor,esteban-ocon,31,mercedes,+3.830,+0.390,43,21,19-mexico,1:24.964,pirelli,2016
red-bull,max-verstappen,33,tag-heuer,,,67,1,20-brazil,1:25.305,pirelli,2016
red-bull,daniel-ricciardo,3,tag-heuer,+0.227,+0.227,42,2,20-brazil,1:25.532,pirelli,2016
mercedes,lewis-hamilton,44,mercedes,+0.334,+0.107,44,3,20-brazil,1:25.639,pirelli,2016
williams,valtteri-bottas,77,mercedes,+0.757,+0.423,70,4,20-brazil,1:26.062,pirelli,2016
ferrari,sebastian-vettel,5,ferrari,+0.890,+0.133,70,5,20-brazil,1:26.195,pirelli,2016
mercedes,nico-rosberg,6,mercedes,+0.917,+0.027,47,6,20-brazil,1:26.222,pirelli,2016
renault,kevin-magnussen,20,renault,+1.219,+0.302,69,7,20-brazil,1:26.524,pirelli,2016
force-india,nico-hulkenberg,27,mercedes,+1.423,+0.204,69,8,20-brazil,1:26.728,pirelli,2016
williams,felipe-massa,19,mercedes,+1.462,+0.039,39,9,20-brazil,1:26.767,pirelli,2016
mclaren,jenson-button,22,honda,+1.678,+0.216,38,10,20-brazil,1:26.983,pirelli,2016
force-india,sergio-perez,11,mercedes,+1.788,+0.110,41,11,20-brazil,1:27.093,pirelli,2016
mclaren,fernando-alonso,14,honda,+1.799,+0.011,70,12,20-brazil,1:27.104,pirelli,2016
toro-rosso,carlos-sainz-jr,55,ferrari,+1.848,+0.049,38,13,20-brazil,1:27.153,pirelli,2016
toro-rosso,daniil-kvyat,26,ferrari,+2.171,+0.323,42,14,20-brazil,1:27.476,pirelli,2016
sauber,felipe-nasr,12,ferrari,+2.242,+0.071,70,15,20-brazil,1:27.547,pirelli,2016
manor,esteban-ocon,31,mercedes,+2.491,+0.249,47,16,20-brazil,1:27.796,pirelli,2016
haas,esteban-gutierrez,21,ferrari,+2.500,+0.009,43,17,20-brazil,1:27.805,pirelli,2016
manor,pascal-wehrlein,94,mercedes,+2.614,+0.114,69,18,20-brazil,1:27.919,pirelli,2016
ferrari,kimi-raikkonen,7,ferrari,+3.542,+0.928,12,19,20-brazil,1:28.847,pirelli,2016
sauber,marcus-ericsson,9,ferrari,+5.960,+2.418,11,20,20-brazil,1:31.265,pirelli,2016
renault,jolyon-palmer,30,renault,+9.029,+3.069,11,21,20-brazil,1:34.334,pirelli,2016
ferrari,sebastian-vettel,5,ferrari,,,43,1,21-abu-dhabi,1:43.729,pirelli,2016
mclaren,fernando-alonso,14,honda,+0.766,+0.766,50,2,21-abu-dhabi,1:44.495,pirelli,2016
red-bull,daniel-ricciardo,3,tag-heuer,+1.160,+0.394,29,3,21-abu-dhabi,1:44.889,pirelli,2016
haas,romain-grosjean,8,ferrari,+1.241,+0.081,45,4,21-abu-dhabi,1:44.970,pirelli,2016
mercedes,lewis-hamilton,44,mercedes,+1.408,+0.167,37,5,21-abu-dhabi,1:45.137,pirelli,2016
ferrari,kimi-raikkonen,7,ferrari,+1.434,+0.026,35,6,21-abu-dhabi,1:45.163,pirelli,2016
red-bull,max-verstappen,33,tag-heuer,+1.458,+0.024,36,7,21-abu-dhabi,1:45.187,pirelli,2016
force-india,sergio-perez,11,mercedes,+1.520,+0.062,30,8,21-abu-dhabi,1:45.249,pirelli,2016
mercedes,nico-rosberg,6,mercedes,+1.532,+0.012,33,9,21-abu-dhabi,1:45.261,pirelli,2016
williams,felipe-massa,19,mercedes,+1.946,+0.414,33,10,21-abu-dhabi,1:45.675,pirelli,2016
renault,jolyon-palmer,30,renault,+1.986,+0.040,46,11,21-abu-dhabi,1:45.715,pirelli,2016
haas,esteban-gutierrez,21,ferrari,+2.199,+0.213,45,12,21-abu-dhabi,1:45.928,pirelli,2016
force-india,nico-hulkenberg,27,mercedes,+2.220,+0.021,31,13,21-abu-dhabi,1:45.949,pirelli,2016
manor,pascal-wehrlein,94,mercedes,+2.416,+0.196,26,14,21-abu-dhabi,1:46.145,pirelli,2016
manor,esteban-ocon,31,mercedes,+2.460,+0.044,46,15,21-abu-dhabi,1:46.189,pirelli,2016
sauber,marcus-ericsson,9,ferrari,+2.487,+0.027,40,16,21-abu-dhabi,1:46.216,pirelli,2016
sauber,felipe-nasr,12,ferrari,+2.558,+0.071,44,17,21-abu-dhabi,1:46.287,pirelli,2016
toro-rosso,carlos-sainz-jr,55,ferrari,+2.862,+0.304,30,18,21-abu-dhabi,1:46.591,pirelli,2016
williams,valtteri-bottas,77,mercedes,+4.108,+1.246,4,19,21-abu-dhabi,1:47.837,pirelli,2016
renault,kevin-magnussen,20,renault,+4.872,+0.764,4,20,21-abu-dhabi,1:48.601,pirelli,2016
toro-rosso,daniil-kvyat,26,ferrari,+5.023,+0.151,13,21,21-abu-dhabi,1:48.752,pirelli,2016
mclaren,jenson-button,22,honda,+5.024,+0.001,4,22,21-abu-dhabi,1:48.753,pirelli,2016
