constructorId,driverId,driverNumber,engineManufacturerId,lap,position,race,stop,time,tyreManufacturerId,year
alpine,pierre-gasly,10,renault,9,1,01-bahrain,1,25.885,pirelli,2023
mclaren,lando-norris,4,mercedes,10,2,01-bahrain,1,32.766,pirelli,2023
alphatauri,yuki-tsunoda,22,honda-rbpt,10,3,01-bahrain,1,25.267,pirelli,2023
alfa-romeo,valtteri-bottas,77,ferrari,11,4,01-bahrain,1,25.399,pirelli,2023
williams,alexander-albon,23,mercedes,11,5,01-bahrain,1,25.054,pirelli,2023
haas,nico-hulkenberg,27,ferrari,11,6,01-bahrain,1,26.075,pirelli,2023
alphatauri,nyck-de-vries,21,honda-rbpt,11,7,01-bahrain,1,25.018,pirelli,2023
mercedes,lewis-hamilton,44,mercedes,12,8,01-bahrain,1,24.682,pirelli,2023
alpine,esteban-ocon,31,renault,12,9,01-bahrain,1,24.966,pirelli,2023
williams,logan-sargeant,2,mercedes,12,10,01-bahrain,1,25.600,pirelli,2023
alfa-romeo,guanyu-zhou,24,ferrari,12,11,01-bahrain,1,25.787,pirelli,2023
ferrari,charles-leclerc,16,ferrari,13,12,01-bahrain,1,24.345,pirelli,2023
ferrari,carlos-sainz-jr,55,ferrari,13,13,01-bahrain,1,24.500,pirelli,2023
mercedes,george-russell,63,mercedes,13,14,01-bahrain,1,27.062,pirelli,2023
red-bull,max-verstappen,1,honda-rbpt,14,15,01-bahrain,1,24.289,pirelli,2023
aston-martin,fernando-alonso,14,mercedes,14,16,01-bahrain,1,25.800,pirelli,2023
aston-martin,lance-stroll,18,mercedes,15,17,01-bahrain,1,25.449,pirelli,2023
haas,kevin-magnussen,20,ferrari,15,18,01-bahrain,1,25.439,pirelli,2023
alpine,esteban-ocon,31,renault,15,19,01-bahrain,2,41.462,pirelli,2023
red-bull,sergio-perez,11,honda-rbpt,17,20,01-bahrain,1,24.264,pirelli,2023
mclaren,lando-norris,4,mercedes,17,21,01-bahrain,2,33.661,pirelli,2023
alpine,pierre-gasly,10,renault,25,22,01-bahrain,2,24.879,pirelli,2023
williams,alexander-albon,23,mercedes,26,23,01-bahrain,2,24.920,pirelli,2023
alphatauri,yuki-tsunoda,22,honda-rbpt,26,24,01-bahrain,2,24.372,pirelli,2023
haas,nico-hulkenberg,27,ferrari,26,25,01-bahrain,2,37.769,pirelli,2023
alphatauri,nyck-de-vries,21,honda-rbpt,27,26,01-bahrain,2,25.234,pirelli,2023
mclaren,lando-norris,4,mercedes,27,27,01-bahrain,3,33.467,pirelli,2023
alfa-romeo,valtteri-bottas,77,ferrari,29,28,01-bahrain,2,25.643,pirelli,2023
haas,kevin-magnussen,20,ferrari,29,29,01-bahrain,2,25.344,pirelli,2023
mercedes,lewis-hamilton,44,mercedes,30,30,01-bahrain,2,24.690,pirelli,2023
aston-martin,lance-stroll,18,mercedes,30,31,01-bahrain,2,24.639,pirelli,2023
williams,logan-sargeant,2,mercedes,30,32,01-bahrain,2,25.670,pirelli,2023
ferrari,carlos-sainz-jr,55,ferrari,31,33,01-bahrain,2,24.227,pirelli,2023
mercedes,george-russell,63,mercedes,31,34,01-bahrain,2,24.406,pirelli,2023
alfa-romeo,guanyu-zhou,24,ferrari,32,35,01-bahrain,2,25.282,pirelli,2023
alpine,esteban-ocon,31,renault,32,36,01-bahrain,3,44.518,pirelli,2023
ferrari,charles-leclerc,16,ferrari,33,37,01-bahrain,2,24.644,pirelli,2023
red-bull,sergio-perez,11,honda-rbpt,34,38,01-bahrain,2,25.091,pirelli,2023
aston-martin,fernando-alonso,14,mercedes,34,39,01-bahrain,2,24.869,pirelli,2023
red-bull,max-verstappen,1,honda-rbpt,36,40,01-bahrain,2,24.910,pirelli,2023
mclaren,lando-norris,4,mercedes,37,41,01-bahrain,4,33.236,pirelli,2023
williams,alexander-albon,23,mercedes,40,42,01-bahrain,3,24.458,pirelli,2023
alpine,pierre-gasly,10,renault,40,43,01-bahrain,3,24.736,pirelli,2023
alphatauri,yuki-tsunoda,22,honda-rbpt,40,44,01-bahrain,3,25.818,pirelli,2023
williams,logan-sargeant,2,mercedes,40,45,01-bahrain,3,25.047,pirelli,2023
haas,kevin-magnussen,20,ferrari,40,46,01-bahrain,3,25.125,pirelli,2023
haas,nico-hulkenberg,27,ferrari,40,47,01-bahrain,3,27.080,pirelli,2023
mclaren,lando-norris,4,mercedes,47,48,01-bahrain,5,30.710,pirelli,2023
alfa-romeo,guanyu-zhou,24,ferrari,54,49,01-bahrain,3,30.167,pirelli,2023
mclaren,lando-norris,4,mercedes,54,50,01-bahrain,6,31.494,pirelli,2023
mclaren,oscar-piastri,81,mercedes,1,1,02-saudi-arabia,1,31.534,pirelli,2023
mclaren,lando-norris,4,mercedes,2,2,02-saudi-arabia,1,29.444,pirelli,2023
haas,kevin-magnussen,20,ferrari,8,3,02-saudi-arabia,1,20.870,pirelli,2023
alfa-romeo,valtteri-bottas,77,ferrari,9,4,02-saudi-arabia,1,21.505,pirelli,2023
alfa-romeo,guanyu-zhou,24,ferrari,11,5,02-saudi-arabia,1,21.703,pirelli,2023
haas,nico-hulkenberg,27,ferrari,11,6,02-saudi-arabia,1,21.567,pirelli,2023
aston-martin,lance-stroll,18,mercedes,13,7,02-saudi-arabia,1,21.150,pirelli,2023
alpine,pierre-gasly,10,renault,14,8,02-saudi-arabia,1,20.719,pirelli,2023
ferrari,carlos-sainz-jr,55,ferrari,15,9,02-saudi-arabia,1,20.760,pirelli,2023
ferrari,charles-leclerc,16,ferrari,16,10,02-saudi-arabia,1,20.026,pirelli,2023
alpine,esteban-ocon,31,renault,16,11,02-saudi-arabia,1,20.762,pirelli,2023
alphatauri,yuki-tsunoda,22,honda-rbpt,17,12,02-saudi-arabia,1,21.414,pirelli,2023
williams,alexander-albon,23,mercedes,17,13,02-saudi-arabia,1,21.397,pirelli,2023
alphatauri,nyck-de-vries,21,honda-rbpt,17,14,02-saudi-arabia,1,21.116,pirelli,2023
alfa-romeo,valtteri-bottas,77,ferrari,17,15,02-saudi-arabia,2,22.191,pirelli,2023
red-bull,sergio-perez,11,honda-rbpt,18,16,02-saudi-arabia,1,20.715,pirelli,2023
aston-martin,fernando-alonso,14,mercedes,18,17,02-saudi-arabia,1,26.879,pirelli,2023
mercedes,george-russell,63,mercedes,18,18,02-saudi-arabia,1,20.828,pirelli,2023
red-bull,max-verstappen,1,honda-rbpt,18,19,02-saudi-arabia,1,20.824,pirelli,2023
mercedes,lewis-hamilton,44,mercedes,18,20,02-saudi-arabia,1,21.102,pirelli,2023
williams,logan-sargeant,2,mercedes,18,21,02-saudi-arabia,1,21.064,pirelli,2023
alfa-romeo,guanyu-zhou,24,ferrari,18,22,02-saudi-arabia,2,21.282,pirelli,2023
mclaren,lando-norris,4,mercedes,19,23,02-saudi-arabia,2,21.352,pirelli,2023
alfa-romeo,valtteri-bottas,77,ferrari,35,24,02-saudi-arabia,3,21.808,pirelli,2023
alpine,esteban-ocon,31,renault,1,1,03-australia,1,18.056,pirelli,2023
alfa-romeo,guanyu-zhou,24,ferrari,1,2,03-australia,1,18.951,pirelli,2023
williams,logan-sargeant,2,mercedes,1,3,03-australia,1,18.382,pirelli,2023
red-bull,sergio-perez,11,honda-rbpt,1,4,03-australia,1,17.657,pirelli,2023
alfa-romeo,valtteri-bottas,77,ferrari,1,5,03-australia,1,21.659,pirelli,2023
williams,logan-sargeant,2,mercedes,2,6,03-australia,2,19.158,pirelli,2023
red-bull,sergio-perez,11,honda-rbpt,2,7,03-australia,2,17.814,pirelli,2023
mercedes,george-russell,63,mercedes,7,8,03-australia,1,19.146,pirelli,2023
ferrari,carlos-sainz-jr,55,ferrari,7,9,03-australia,1,18.319,pirelli,2023
haas,kevin-magnussen,20,ferrari,7,10,03-australia,1,20.789,pirelli,2023
mercedes,lewis-hamilton,44,mercedes,8,11,03-australia,1,15:25.181,pirelli,2023
red-bull,max-verstappen,1,honda-rbpt,8,12,03-australia,1,15:25.112,pirelli,2023
aston-martin,fernando-alonso,14,mercedes,8,13,03-australia,1,15:26.940,pirelli,2023
aston-martin,lance-stroll,18,mercedes,8,14,03-australia,1,15:27.222,pirelli,2023
alpine,pierre-gasly,10,renault,8,15,03-australia,1,15:26.996,pirelli,2023
haas,nico-hulkenberg,27,ferrari,8,16,03-australia,1,15:26.326,pirelli,2023
mercedes,george-russell,63,mercedes,8,17,03-australia,2,15:30.824,pirelli,2023
alphatauri,yuki-tsunoda,22,honda-rbpt,8,18,03-australia,1,15:31.820,pirelli,2023
mclaren,lando-norris,4,mercedes,8,19,03-australia,1,15:34.763,pirelli,2023
mclaren,oscar-piastri,81,mercedes,8,20,03-australia,1,15:34.541,pirelli,2023
ferrari,carlos-sainz-jr,55,ferrari,8,21,03-australia,2,15:37.024,pirelli,2023
alphatauri,nyck-de-vries,21,honda-rbpt,8,22,03-australia,1,15:37.874,pirelli,2023
alpine,esteban-ocon,31,renault,8,23,03-australia,2,15:37.929,pirelli,2023
red-bull,sergio-perez,11,honda-rbpt,8,24,03-australia,3,15:37.512,pirelli,2023
alfa-romeo,guanyu-zhou,24,ferrari,8,25,03-australia,2,15:37.849,pirelli,2023
alfa-romeo,valtteri-bottas,77,ferrari,8,26,03-australia,2,15:37.594,pirelli,2023
williams,logan-sargeant,2,mercedes,8,27,03-australia,3,15:38.017,pirelli,2023
haas,kevin-magnussen,20,ferrari,8,28,03-australia,2,15:40.228,pirelli,2023
williams,logan-sargeant,2,mercedes,36,29,03-australia,4,19.018,pirelli,2023
alphatauri,nyck-de-vries,21,honda-rbpt,45,30,03-australia,2,18.080,pirelli,2023
alfa-romeo,valtteri-bottas,77,ferrari,53,31,03-australia,3,19.825,pirelli,2023
mclaren,oscar-piastri,81,mercedes,54,32,03-australia,2,19.442,pirelli,2023
alfa-romeo,guanyu-zhou,24,ferrari,54,33,03-australia,3,21.881,pirelli,2023
alphatauri,yuki-tsunoda,22,honda-rbpt,54,34,03-australia,2,18.258,pirelli,2023
red-bull,max-verstappen,1,honda-rbpt,55,35,03-australia,2,14:27.756,pirelli,2023
mercedes,lewis-hamilton,44,mercedes,55,36,03-australia,2,14:31.670,pirelli,2023
aston-martin,fernando-alonso,14,mercedes,55,37,03-australia,2,14:34.306,pirelli,2023
alfa-romeo,valtteri-bottas,77,ferrari,54,38,03-australia,4,12:19.342,pirelli,2023
ferrari,carlos-sainz-jr,55,ferrari,55,39,03-australia,3,14:34.924,pirelli,2023
alpine,pierre-gasly,10,renault,55,40,03-australia,2,14:35.210,pirelli,2023
aston-martin,lance-stroll,18,mercedes,55,41,03-australia,2,14:35.053,pirelli,2023
red-bull,sergio-perez,11,honda-rbpt,55,42,03-australia,4,14:36.462,pirelli,2023
williams,logan-sargeant,2,mercedes,54,43,03-australia,5,12:12.022,pirelli,2023
mclaren,lando-norris,4,mercedes,55,44,03-australia,2,14:41.064,pirelli,2023
haas,nico-hulkenberg,27,ferrari,55,45,03-australia,2,14:40.712,pirelli,2023
alphatauri,nyck-de-vries,21,honda-rbpt,54,46,03-australia,3,12:06.783,pirelli,2023
alpine,esteban-ocon,31,renault,55,47,03-australia,3,14:39.804,pirelli,2023
mclaren,oscar-piastri,81,mercedes,55,48,03-australia,3,14:24.653,pirelli,2023
alfa-romeo,guanyu-zhou,24,ferrari,55,49,03-australia,4,14:01.565,pirelli,2023
alphatauri,yuki-tsunoda,22,honda-rbpt,55,50,03-australia,3,14:01.820,pirelli,2023
alfa-romeo,valtteri-bottas,77,ferrari,55,51,03-australia,5,1:16.634,pirelli,2023
williams,logan-sargeant,2,mercedes,55,52,03-australia,6,1:14.200,pirelli,2023
alphatauri,nyck-de-vries,21,honda-rbpt,55,53,03-australia,4,1:13.234,pirelli,2023
red-bull,max-verstappen,1,honda-rbpt,57,54,03-australia,3,30:56.502,pirelli,2023
mercedes,lewis-hamilton,44,mercedes,57,55,03-australia,3,30:59.435,pirelli,2023
ferrari,carlos-sainz-jr,55,ferrari,57,56,03-australia,4,31:01.554,pirelli,2023
haas,nico-hulkenberg,27,ferrari,57,57,03-australia,3,31:09.055,pirelli,2023
alphatauri,yuki-tsunoda,22,honda-rbpt,57,58,03-australia,4,31:11.209,pirelli,2023
mclaren,lando-norris,4,mercedes,57,59,03-australia,3,31:04.087,pirelli,2023
mclaren,oscar-piastri,81,mercedes,57,60,03-australia,4,31:06.226,pirelli,2023
alfa-romeo,guanyu-zhou,24,ferrari,57,61,03-australia,5,31:04.998,pirelli,2023
alfa-romeo,valtteri-bottas,77,ferrari,57,62,03-australia,6,31:07.182,pirelli,2023
red-bull,sergio-perez,11,honda-rbpt,57,63,03-australia,5,30:53.568,pirelli,2023
aston-martin,fernando-alonso,14,mercedes,57,64,03-australia,3,30:45.073,pirelli,2023
aston-martin,lance-stroll,18,mercedes,57,65,03-australia,3,30:45.925,pirelli,2023
alpine,pierre-gasly,10,renault,5,1,04-azerbaijan,1,20.235,pirelli,2023
alfa-romeo,valtteri-bottas,77,ferrari,6,2,04-azerbaijan,1,20.967,pirelli,2023
williams,alexander-albon,23,mercedes,7,3,04-azerbaijan,1,21.103,pirelli,2023
alphatauri,yuki-tsunoda,22,honda-rbpt,8,4,04-azerbaijan,1,20.497,pirelli,2023
mclaren,oscar-piastri,81,mercedes,8,5,04-azerbaijan,1,20.902,pirelli,2023
williams,logan-sargeant,2,mercedes,8,6,04-azerbaijan,1,21.015,pirelli,2023
mercedes,lewis-hamilton,44,mercedes,9,7,04-azerbaijan,1,20.324,pirelli,2023
mclaren,lando-norris,4,mercedes,9,8,04-azerbaijan,1,20.346,pirelli,2023
red-bull,max-verstappen,1,honda-rbpt,10,9,04-azerbaijan,1,20.707,pirelli,2023
haas,kevin-magnussen,20,ferrari,10,10,04-azerbaijan,1,30.951,pirelli,2023
red-bull,sergio-perez,11,honda-rbpt,11,11,04-azerbaijan,1,20.389,pirelli,2023
ferrari,charles-leclerc,16,ferrari,11,12,04-azerbaijan,1,21.126,pirelli,2023
ferrari,carlos-sainz-jr,55,ferrari,11,13,04-azerbaijan,1,21.970,pirelli,2023
aston-martin,fernando-alonso,14,mercedes,11,14,04-azerbaijan,1,23.148,pirelli,2023
mercedes,george-russell,63,mercedes,11,15,04-azerbaijan,1,20.459,pirelli,2023
aston-martin,lance-stroll,18,mercedes,11,16,04-azerbaijan,1,23.161,pirelli,2023
alfa-romeo,guanyu-zhou,24,ferrari,11,17,04-azerbaijan,1,22.247,pirelli,2023
alfa-romeo,valtteri-bottas,77,ferrari,12,18,04-azerbaijan,2,22.354,pirelli,2023
alpine,pierre-gasly,10,renault,23,19,04-azerbaijan,2,21.169,pirelli,2023
alfa-romeo,valtteri-bottas,77,ferrari,34,20,04-azerbaijan,3,21.012,pirelli,2023
mercedes,george-russell,63,mercedes,49,21,04-azerbaijan,2,21.389,pirelli,2023
haas,nico-hulkenberg,27,ferrari,49,22,04-azerbaijan,1,24.748,pirelli,2023
alpine,esteban-ocon,31,renault,50,23,04-azerbaijan,1,20.367,pirelli,2023
williams,logan-sargeant,2,mercedes,2,1,05-miami,1,48.938,pirelli,2023
mclaren,lando-norris,4,mercedes,4,2,05-miami,1,24.090,pirelli,2023
mclaren,oscar-piastri,81,mercedes,5,3,05-miami,1,22.205,pirelli,2023
haas,kevin-magnussen,20,ferrari,14,4,05-miami,1,22.616,pirelli,2023
alpine,pierre-gasly,10,renault,15,5,05-miami,1,22.417,pirelli,2023
alfa-romeo,valtteri-bottas,77,ferrari,15,6,05-miami,1,23.158,pirelli,2023
alphatauri,nyck-de-vries,21,honda-rbpt,15,7,05-miami,1,23.487,pirelli,2023
mercedes,george-russell,63,mercedes,17,8,05-miami,1,22.335,pirelli,2023
ferrari,charles-leclerc,16,ferrari,17,9,05-miami,1,22.068,pirelli,2023
ferrari,carlos-sainz-jr,55,ferrari,18,10,05-miami,1,22.278,pirelli,2023
red-bull,sergio-perez,11,honda-rbpt,20,11,05-miami,1,21.884,pirelli,2023
williams,alexander-albon,23,mercedes,22,12,05-miami,1,22.482,pirelli,2023
aston-martin,fernando-alonso,14,mercedes,24,13,05-miami,1,22.631,pirelli,2023
alfa-romeo,guanyu-zhou,24,ferrari,31,14,05-miami,1,22.796,pirelli,2023
haas,nico-hulkenberg,27,ferrari,33,15,05-miami,1,23.120,pirelli,2023
alphatauri,yuki-tsunoda,22,honda-rbpt,36,16,05-miami,1,22.390,pirelli,2023
mercedes,lewis-hamilton,44,mercedes,37,17,05-miami,1,22.150,pirelli,2023
alpine,esteban-ocon,31,renault,39,18,05-miami,1,21.942,pirelli,2023
aston-martin,lance-stroll,18,mercedes,42,19,05-miami,1,22.651,pirelli,2023
red-bull,max-verstappen,1,honda-rbpt,45,20,05-miami,1,22.688,pirelli,2023
haas,nico-hulkenberg,27,ferrari,1,1,06-monaco,1,32.494,pirelli,2023
red-bull,sergio-perez,11,honda-rbpt,1,2,06-monaco,1,24.887,pirelli,2023
alfa-romeo,guanyu-zhou,24,ferrari,1,3,06-monaco,1,26.141,pirelli,2023
williams,alexander-albon,23,mercedes,18,4,06-monaco,1,24.290,pirelli,2023
williams,logan-sargeant,2,mercedes,20,5,06-monaco,1,24.376,pirelli,2023
williams,logan-sargeant,2,mercedes,23,6,06-monaco,2,27.774,pirelli,2023
mercedes,lewis-hamilton,44,mercedes,31,7,06-monaco,1,24.594,pirelli,2023
alpine,esteban-ocon,31,renault,32,8,06-monaco,1,25.833,pirelli,2023
ferrari,carlos-sainz-jr,55,ferrari,33,9,06-monaco,1,24.252,pirelli,2023
red-bull,sergio-perez,11,honda-rbpt,34,10,06-monaco,2,32.749,pirelli,2023
ferrari,charles-leclerc,16,ferrari,44,11,06-monaco,1,24.192,pirelli,2023
alpine,pierre-gasly,10,renault,47,12,06-monaco,1,23.902,pirelli,2023
mclaren,lando-norris,4,mercedes,50,13,06-monaco,1,24.663,pirelli,2023
alfa-romeo,valtteri-bottas,77,ferrari,51,14,06-monaco,1,30.395,pirelli,2023
aston-martin,lance-stroll,18,mercedes,51,15,06-monaco,1,24.656,pirelli,2023
alfa-romeo,guanyu-zhou,24,ferrari,52,16,06-monaco,2,25.260,pirelli,2023
williams,alexander-albon,23,mercedes,52,17,06-monaco,2,26.990,pirelli,2023
alphatauri,yuki-tsunoda,22,honda-rbpt,53,18,06-monaco,1,33.706,pirelli,2023
williams,logan-sargeant,2,mercedes,52,19,06-monaco,3,25.946,pirelli,2023
aston-martin,fernando-alonso,14,mercedes,54,20,06-monaco,1,24.414,pirelli,2023
alphatauri,nyck-de-vries,21,honda-rbpt,53,21,06-monaco,1,24.539,pirelli,2023
mercedes,george-russell,63,mercedes,54,22,06-monaco,1,30.980,pirelli,2023
alpine,esteban-ocon,31,renault,54,23,06-monaco,2,24.707,pirelli,2023
mercedes,lewis-hamilton,44,mercedes,54,24,06-monaco,2,26.685,pirelli,2023
alpine,pierre-gasly,10,renault,54,25,06-monaco,2,29.949,pirelli,2023
red-bull,sergio-perez,11,honda-rbpt,53,26,06-monaco,3,24.217,pirelli,2023
red-bull,max-verstappen,1,honda-rbpt,55,27,06-monaco,1,24.798,pirelli,2023
mclaren,oscar-piastri,81,mercedes,54,28,06-monaco,1,25.851,pirelli,2023
mclaren,lando-norris,4,mercedes,54,29,06-monaco,2,33.428,pirelli,2023
aston-martin,fernando-alonso,14,mercedes,55,30,06-monaco,2,25.916,pirelli,2023
haas,nico-hulkenberg,27,ferrari,54,31,06-monaco,2,34.725,pirelli,2023
ferrari,charles-leclerc,16,ferrari,55,32,06-monaco,2,25.713,pirelli,2023
ferrari,carlos-sainz-jr,55,ferrari,55,33,06-monaco,2,29.300,pirelli,2023
haas,kevin-magnussen,20,ferrari,56,34,06-monaco,1,51.052,pirelli,2023
red-bull,sergio-perez,11,honda-rbpt,57,35,06-monaco,4,29.337,pirelli,2023
haas,nico-hulkenberg,27,ferrari,59,36,06-monaco,3,25.672,pirelli,2023
red-bull,sergio-perez,11,honda-rbpt,70,37,06-monaco,5,25.466,pirelli,2023
mclaren,lando-norris,4,mercedes,1,1,07-spain,1,37.736,pirelli,2023
alfa-romeo,valtteri-bottas,77,ferrari,5,2,07-spain,1,23.691,pirelli,2023
haas,nico-hulkenberg,27,ferrari,8,3,07-spain,1,22.298,pirelli,2023
alfa-romeo,guanyu-zhou,24,ferrari,9,4,07-spain,1,23.430,pirelli,2023
alphatauri,nyck-de-vries,21,honda-rbpt,9,5,07-spain,1,22.522,pirelli,2023
alphatauri,yuki-tsunoda,22,honda-rbpt,10,6,07-spain,1,22.176,pirelli,2023
haas,kevin-magnussen,20,ferrari,10,7,07-spain,1,22.124,pirelli,2023
alpine,esteban-ocon,31,renault,13,8,07-spain,1,22.112,pirelli,2023
aston-martin,lance-stroll,18,mercedes,14,9,07-spain,1,22.355,pirelli,2023
ferrari,carlos-sainz-jr,55,ferrari,15,10,07-spain,1,22.321,pirelli,2023
ferrari,charles-leclerc,16,ferrari,16,11,07-spain,1,21.778,pirelli,2023
williams,alexander-albon,23,mercedes,16,12,07-spain,1,23.319,pirelli,2023
mclaren,oscar-piastri,81,mercedes,17,13,07-spain,1,22.370,pirelli,2023
williams,logan-sargeant,2,mercedes,17,14,07-spain,1,22.583,pirelli,2023
aston-martin,fernando-alonso,14,mercedes,19,15,07-spain,1,22.558,pirelli,2023
alpine,pierre-gasly,10,renault,19,16,07-spain,1,23.388,pirelli,2023
mclaren,lando-norris,4,mercedes,22,17,07-spain,2,22.850,pirelli,2023
mercedes,lewis-hamilton,44,mercedes,24,18,07-spain,1,22.575,pirelli,2023
haas,kevin-magnussen,20,ferrari,24,19,07-spain,2,24.800,pirelli,2023
mercedes,george-russell,63,mercedes,25,20,07-spain,1,22.275,pirelli,2023
red-bull,max-verstappen,1,honda-rbpt,26,21,07-spain,1,22.241,pirelli,2023
haas,nico-hulkenberg,27,ferrari,26,22,07-spain,2,23.257,pirelli,2023
red-bull,sergio-perez,11,honda-rbpt,27,23,07-spain,1,21.775,pirelli,2023
aston-martin,lance-stroll,18,mercedes,34,24,07-spain,2,23.371,pirelli,2023
alphatauri,yuki-tsunoda,22,honda-rbpt,34,25,07-spain,2,22.009,pirelli,2023
alpine,esteban-ocon,31,renault,35,26,07-spain,2,24.110,pirelli,2023
alfa-romeo,guanyu-zhou,24,ferrari,36,27,07-spain,2,22.889,pirelli,2023
williams,logan-sargeant,2,mercedes,36,28,07-spain,2,23.827,pirelli,2023
williams,alexander-albon,23,mercedes,37,29,07-spain,2,23.449,pirelli,2023
alphatauri,nyck-de-vries,21,honda-rbpt,38,30,07-spain,2,21.976,pirelli,2023
mclaren,oscar-piastri,81,mercedes,39,31,07-spain,2,22.862,pirelli,2023
alpine,pierre-gasly,10,renault,39,32,07-spain,2,23.610,pirelli,2023
alfa-romeo,valtteri-bottas,77,ferrari,39,33,07-spain,2,24.097,pirelli,2023
ferrari,carlos-sainz-jr,55,ferrari,41,34,07-spain,2,22.375,pirelli,2023
ferrari,charles-leclerc,16,ferrari,41,35,07-spain,2,23.003,pirelli,2023
haas,kevin-magnussen,20,ferrari,42,36,07-spain,3,22.291,pirelli,2023
haas,nico-hulkenberg,27,ferrari,43,37,07-spain,3,24.484,pirelli,2023
aston-martin,fernando-alonso,14,mercedes,44,38,07-spain,2,22.896,pirelli,2023
mercedes,george-russell,63,mercedes,45,39,07-spain,2,22.054,pirelli,2023
mercedes,lewis-hamilton,44,mercedes,50,40,07-spain,2,22.731,pirelli,2023
red-bull,sergio-perez,11,honda-rbpt,50,41,07-spain,2,21.537,pirelli,2023
mclaren,lando-norris,4,mercedes,50,42,07-spain,3,22.062,pirelli,2023
red-bull,max-verstappen,1,honda-rbpt,52,43,07-spain,2,22.357,pirelli,2023
alphatauri,yuki-tsunoda,22,honda-rbpt,1,1,08-canada,1,23.646,pirelli,2023
alpine,pierre-gasly,10,renault,10,2,08-canada,1,27.515,pirelli,2023
haas,nico-hulkenberg,27,ferrari,11,3,08-canada,1,24.880,pirelli,2023
aston-martin,lance-stroll,18,mercedes,11,4,08-canada,1,23.711,pirelli,2023
alphatauri,nyck-de-vries,21,honda-rbpt,11,5,08-canada,1,24.960,pirelli,2023
red-bull,max-verstappen,1,honda-rbpt,12,6,08-canada,1,23.644,pirelli,2023
mercedes,lewis-hamilton,44,mercedes,12,7,08-canada,1,24.339,pirelli,2023
aston-martin,fernando-alonso,14,mercedes,12,8,08-canada,1,24.031,pirelli,2023
alpine,esteban-ocon,31,renault,12,9,08-canada,1,24.402,pirelli,2023
mclaren,oscar-piastri,81,mercedes,12,10,08-canada,1,24.828,pirelli,2023
mclaren,lando-norris,4,mercedes,12,11,08-canada,1,25.862,pirelli,2023
williams,alexander-albon,23,mercedes,12,12,08-canada,1,25.064,pirelli,2023
alfa-romeo,guanyu-zhou,24,ferrari,12,13,08-canada,1,24.161,pirelli,2023
mercedes,george-russell,63,mercedes,12,14,08-canada,1,1:28.943,pirelli,2023
aston-martin,lance-stroll,18,mercedes,27,15,08-canada,2,23.839,pirelli,2023
haas,nico-hulkenberg,27,ferrari,31,16,08-canada,2,24.200,pirelli,2023
alfa-romeo,guanyu-zhou,24,ferrari,32,17,08-canada,2,27.509,pirelli,2023
alpine,pierre-gasly,10,renault,33,18,08-canada,2,24.117,pirelli,2023
alphatauri,yuki-tsunoda,22,honda-rbpt,34,19,08-canada,2,27.523,pirelli,2023
mclaren,lando-norris,4,mercedes,35,20,08-canada,2,23.570,pirelli,2023
haas,kevin-magnussen,20,ferrari,35,21,08-canada,1,24.909,pirelli,2023
alpine,esteban-ocon,31,renault,36,22,08-canada,2,23.698,pirelli,2023
alfa-romeo,valtteri-bottas,77,ferrari,36,23,08-canada,1,24.038,pirelli,2023
red-bull,sergio-perez,11,honda-rbpt,37,24,08-canada,1,23.281,pirelli,2023
mclaren,oscar-piastri,81,mercedes,37,25,08-canada,2,23.436,pirelli,2023
ferrari,carlos-sainz-jr,55,ferrari,38,26,08-canada,1,24.133,pirelli,2023
ferrari,charles-leclerc,16,ferrari,39,27,08-canada,1,24.343,pirelli,2023
mercedes,lewis-hamilton,44,mercedes,40,28,08-canada,2,23.749,pirelli,2023
aston-martin,fernando-alonso,14,mercedes,41,29,08-canada,2,23.928,pirelli,2023
red-bull,max-verstappen,1,honda-rbpt,42,30,08-canada,2,23.910,pirelli,2023
alphatauri,nyck-de-vries,21,honda-rbpt,50,31,08-canada,2,23.786,pirelli,2023
haas,kevin-magnussen,20,ferrari,53,32,08-canada,2,24.515,pirelli,2023
red-bull,sergio-perez,11,honda-rbpt,68,33,08-canada,2,23.218,pirelli,2023
haas,kevin-magnussen,20,ferrari,1,1,09-austria,1,26.587,pirelli,2023
alphatauri,yuki-tsunoda,22,honda-rbpt,1,2,09-austria,1,29.691,pirelli,2023
red-bull,max-verstappen,1,honda-rbpt,2,3,09-austria,1,16.369,pirelli,2023
ferrari,charles-leclerc,16,ferrari,2,4,09-austria,1,16.393,pirelli,2023
ferrari,carlos-sainz-jr,55,ferrari,2,5,09-austria,1,16.380,pirelli,2023
mercedes,lewis-hamilton,44,mercedes,2,6,09-austria,1,16.415,pirelli,2023
mclaren,lando-norris,4,mercedes,2,7,09-austria,1,18.076,pirelli,2023
aston-martin,fernando-alonso,14,mercedes,2,8,09-austria,1,16.600,pirelli,2023
haas,nico-hulkenberg,27,ferrari,2,9,09-austria,1,16.778,pirelli,2023
aston-martin,lance-stroll,18,mercedes,2,10,09-austria,1,16.646,pirelli,2023
alpine,pierre-gasly,10,renault,2,11,09-austria,1,16.380,pirelli,2023
williams,alexander-albon,23,mercedes,2,12,09-austria,1,16.737,pirelli,2023
mercedes,george-russell,63,mercedes,2,13,09-austria,1,17.946,pirelli,2023
alpine,esteban-ocon,31,renault,2,14,09-austria,1,18.143,pirelli,2023
red-bull,sergio-perez,11,honda-rbpt,2,15,09-austria,1,17.428,pirelli,2023
alfa-romeo,guanyu-zhou,24,ferrari,2,16,09-austria,1,17.467,pirelli,2023
mclaren,oscar-piastri,81,mercedes,2,17,09-austria,1,17.324,pirelli,2023
williams,logan-sargeant,2,mercedes,2,18,09-austria,1,17.337,pirelli,2023
alfa-romeo,valtteri-bottas,77,ferrari,2,19,09-austria,1,17.130,pirelli,2023
alphatauri,nyck-de-vries,21,honda-rbpt,2,20,09-austria,1,17.033,pirelli,2023
haas,kevin-magnussen,20,ferrari,2,21,09-austria,2,25.654,pirelli,2023
alphatauri,yuki-tsunoda,22,honda-rbpt,2,22,09-austria,2,16.246,pirelli,2023
alfa-romeo,guanyu-zhou,24,ferrari,8,23,09-austria,2,24.374,pirelli,2023
haas,nico-hulkenberg,27,ferrari,11,24,09-austria,2,21.891,pirelli,2023
alphatauri,nyck-de-vries,21,honda-rbpt,12,25,09-austria,2,21.333,pirelli,2023
mercedes,lewis-hamilton,44,mercedes,14,26,09-austria,2,21.993,pirelli,2023
mclaren,lando-norris,4,mercedes,14,27,09-austria,2,21.290,pirelli,2023
alpine,pierre-gasly,10,renault,14,28,09-austria,2,21.814,pirelli,2023
williams,alexander-albon,23,mercedes,14,29,09-austria,2,21.562,pirelli,2023
mercedes,george-russell,63,mercedes,14,30,09-austria,2,22.262,pirelli,2023
alpine,esteban-ocon,31,renault,14,31,09-austria,2,22.028,pirelli,2023
mclaren,oscar-piastri,81,mercedes,14,32,09-austria,2,22.467,pirelli,2023
williams,logan-sargeant,2,mercedes,14,33,09-austria,2,23.194,pirelli,2023
ferrari,charles-leclerc,16,ferrari,15,34,09-austria,2,23.425,pirelli,2023
ferrari,carlos-sainz-jr,55,ferrari,15,35,09-austria,2,26.283,pirelli,2023
aston-martin,fernando-alonso,14,mercedes,15,36,09-austria,2,22.371,pirelli,2023
aston-martin,lance-stroll,18,mercedes,15,37,09-austria,2,24.332,pirelli,2023
alfa-romeo,valtteri-bottas,77,ferrari,21,38,09-austria,2,31.785,pirelli,2023
mclaren,oscar-piastri,81,mercedes,22,39,09-austria,3,29.912,pirelli,2023
alphatauri,yuki-tsunoda,22,honda-rbpt,23,40,09-austria,3,27.286,pirelli,2023
red-bull,max-verstappen,1,honda-rbpt,24,41,09-austria,2,21.365,pirelli,2023
red-bull,sergio-perez,11,honda-rbpt,25,42,09-austria,2,21.655,pirelli,2023
haas,kevin-magnussen,20,ferrari,34,43,09-austria,3,22.250,pirelli,2023
aston-martin,lance-stroll,18,mercedes,36,44,09-austria,3,22.050,pirelli,2023
alphatauri,nyck-de-vries,21,honda-rbpt,37,45,09-austria,3,21.074,pirelli,2023
alfa-romeo,guanyu-zhou,24,ferrari,38,46,09-austria,3,21.910,pirelli,2023
alpine,esteban-ocon,31,renault,40,47,09-austria,3,30.427,pirelli,2023
alfa-romeo,valtteri-bottas,77,ferrari,40,48,09-austria,3,21.975,pirelli,2023
mclaren,lando-norris,4,mercedes,41,49,09-austria,3,22.088,pirelli,2023
mercedes,george-russell,63,mercedes,41,50,09-austria,3,21.702,pirelli,2023
williams,alexander-albon,23,mercedes,41,51,09-austria,3,27.683,pirelli,2023
mclaren,oscar-piastri,81,mercedes,41,52,09-austria,4,22.313,pirelli,2023
mercedes,lewis-hamilton,44,mercedes,42,53,09-austria,3,27.724,pirelli,2023
williams,logan-sargeant,2,mercedes,43,54,09-austria,3,21.543,pirelli,2023
alphatauri,yuki-tsunoda,22,honda-rbpt,43,55,09-austria,4,21.392,pirelli,2023
aston-martin,fernando-alonso,14,mercedes,44,56,09-austria,3,21.993,pirelli,2023
alpine,pierre-gasly,10,renault,44,57,09-austria,3,27.804,pirelli,2023
ferrari,carlos-sainz-jr,55,ferrari,45,58,09-austria,3,28.583,pirelli,2023
ferrari,charles-leclerc,16,ferrari,47,59,09-austria,3,21.470,pirelli,2023
red-bull,max-verstappen,1,honda-rbpt,49,60,09-austria,3,21.641,pirelli,2023
red-bull,sergio-perez,11,honda-rbpt,50,61,09-austria,3,21.267,pirelli,2023
aston-martin,lance-stroll,18,mercedes,54,62,09-austria,4,21.837,pirelli,2023
red-bull,max-verstappen,1,honda-rbpt,69,63,09-austria,4,21.328,pirelli,2023
haas,nico-hulkenberg,27,ferrari,7,1,10-great-britain,1,41.972,pirelli,2023
alphatauri,yuki-tsunoda,22,honda-rbpt,14,2,10-great-britain,1,28.353,pirelli,2023
ferrari,charles-leclerc,16,ferrari,18,3,10-great-britain,1,28.244,pirelli,2023
alfa-romeo,guanyu-zhou,24,ferrari,24,4,10-great-britain,1,29.177,pirelli,2023
ferrari,carlos-sainz-jr,55,ferrari,26,5,10-great-britain,1,28.869,pirelli,2023
alphatauri,nyck-de-vries,21,honda-rbpt,27,6,10-great-britain,1,28.242,pirelli,2023
mercedes,george-russell,63,mercedes,28,7,10-great-britain,1,29.455,pirelli,2023
red-bull,sergio-perez,11,honda-rbpt,28,8,10-great-britain,1,28.060,pirelli,2023
mclaren,oscar-piastri,81,mercedes,29,9,10-great-britain,1,28.655,pirelli,2023
williams,logan-sargeant,2,mercedes,29,10,10-great-britain,1,28.847,pirelli,2023
alpine,pierre-gasly,10,renault,31,11,10-great-britain,1,28.458,pirelli,2023
aston-martin,lance-stroll,18,mercedes,31,12,10-great-britain,1,28.561,pirelli,2023
williams,alexander-albon,23,mercedes,32,13,10-great-britain,1,29.634,pirelli,2023
ferrari,charles-leclerc,16,ferrari,32,14,10-great-britain,2,28.805,pirelli,2023
alfa-romeo,valtteri-bottas,77,ferrari,32,15,10-great-britain,1,29.662,pirelli,2023
alphatauri,yuki-tsunoda,22,honda-rbpt,32,16,10-great-britain,2,28.603,pirelli,2023
alphatauri,nyck-de-vries,21,honda-rbpt,32,17,10-great-britain,2,28.413,pirelli,2023
haas,nico-hulkenberg,27,ferrari,32,18,10-great-britain,2,30.003,pirelli,2023
red-bull,max-verstappen,1,honda-rbpt,33,19,10-great-britain,1,29.056,pirelli,2023
mclaren,lando-norris,4,mercedes,33,20,10-great-britain,1,28.438,pirelli,2023
mercedes,lewis-hamilton,44,mercedes,33,21,10-great-britain,1,29.169,pirelli,2023
aston-martin,fernando-alonso,14,mercedes,33,22,10-great-britain,1,28.679,pirelli,2023
alfa-romeo,guanyu-zhou,24,ferrari,33,23,10-great-britain,2,28.709,pirelli,2023
alfa-romeo,guanyu-zhou,24,ferrari,36,24,10-great-britain,3,34.374,pirelli,2023
williams,alexander-albon,23,mercedes,8,1,11-hungary,1,22.076,pirelli,2023
alphatauri,yuki-tsunoda,22,honda-rbpt,9,2,11-hungary,1,26.170,pirelli,2023
aston-martin,lance-stroll,18,mercedes,9,3,11-hungary,1,21.910,pirelli,2023
alfa-romeo,valtteri-bottas,77,ferrari,9,4,11-hungary,1,22.114,pirelli,2023
alfa-romeo,guanyu-zhou,24,ferrari,10,5,11-hungary,1,29.211,pirelli,2023
williams,logan-sargeant,2,mercedes,13,6,11-hungary,1,24.001,pirelli,2023
haas,kevin-magnussen,20,ferrari,14,7,11-hungary,1,22.753,pirelli,2023
ferrari,carlos-sainz-jr,55,ferrari,15,8,11-hungary,1,21.402,pirelli,2023
mercedes,lewis-hamilton,44,mercedes,16,9,11-hungary,1,21.974,pirelli,2023
haas,nico-hulkenberg,27,ferrari,16,10,11-hungary,1,22.922,pirelli,2023
mclaren,lando-norris,4,mercedes,17,11,11-hungary,1,21.541,pirelli,2023
ferrari,charles-leclerc,16,ferrari,17,12,11-hungary,1,28.404,pirelli,2023
mclaren,oscar-piastri,81,mercedes,18,13,11-hungary,1,21.171,pirelli,2023
alphatauri,daniel-ricciardo,3,honda-rbpt,18,14,11-hungary,1,21.958,pirelli,2023
aston-martin,fernando-alonso,14,mercedes,20,15,11-hungary,1,22.916,pirelli,2023
red-bull,max-verstappen,1,honda-rbpt,23,16,11-hungary,1,21.407,pirelli,2023
red-bull,sergio-perez,11,honda-rbpt,24,17,11-hungary,1,21.862,pirelli,2023
mercedes,george-russell,63,mercedes,28,18,11-hungary,1,21.886,pirelli,2023
alphatauri,daniel-ricciardo,3,honda-rbpt,29,19,11-hungary,2,22.203,pirelli,2023
williams,alexander-albon,23,mercedes,31,20,11-hungary,2,21.762,pirelli,2023
aston-martin,lance-stroll,18,mercedes,34,21,11-hungary,2,22.403,pirelli,2023
williams,logan-sargeant,2,mercedes,34,22,11-hungary,2,22.197,pirelli,2023
haas,nico-hulkenberg,27,ferrari,38,23,11-hungary,2,21.955,pirelli,2023
alfa-romeo,guanyu-zhou,24,ferrari,38,24,11-hungary,2,22.853,pirelli,2023
alfa-romeo,valtteri-bottas,77,ferrari,40,25,11-hungary,2,23.242,pirelli,2023
haas,kevin-magnussen,20,ferrari,41,26,11-hungary,2,22.152,pirelli,2023
mclaren,oscar-piastri,81,mercedes,42,27,11-hungary,2,22.030,pirelli,2023
red-bull,sergio-perez,11,honda-rbpt,42,28,11-hungary,2,20.880,pirelli,2023
ferrari,charles-leclerc,16,ferrari,43,29,11-hungary,2,21.452,pirelli,2023
aston-martin,fernando-alonso,14,mercedes,43,30,11-hungary,2,24.152,pirelli,2023
mclaren,lando-norris,4,mercedes,44,31,11-hungary,2,21.430,pirelli,2023
ferrari,carlos-sainz-jr,55,ferrari,44,32,11-hungary,2,22.051,pirelli,2023
alphatauri,yuki-tsunoda,22,honda-rbpt,44,33,11-hungary,2,21.181,pirelli,2023
mercedes,george-russell,63,mercedes,46,34,11-hungary,2,21.675,pirelli,2023
mercedes,lewis-hamilton,44,mercedes,49,35,11-hungary,2,21.728,pirelli,2023
red-bull,max-verstappen,1,honda-rbpt,51,36,11-hungary,2,21.680,pirelli,2023
mclaren,lando-norris,4,mercedes,5,1,12-belgium,1,25.012,pirelli,2023
haas,kevin-magnussen,20,ferrari,5,2,12-belgium,1,23.638,pirelli,2023
alphatauri,daniel-ricciardo,3,honda-rbpt,5,3,12-belgium,1,22.843,pirelli,2023
alpine,esteban-ocon,31,renault,6,4,12-belgium,1,23.085,pirelli,2023
alfa-romeo,valtteri-bottas,77,ferrari,6,5,12-belgium,1,23.362,pirelli,2023
williams,alexander-albon,23,mercedes,7,6,12-belgium,1,25.015,pirelli,2023
ferrari,carlos-sainz-jr,55,ferrari,7,7,12-belgium,1,23.303,pirelli,2023
alfa-romeo,guanyu-zhou,24,ferrari,7,8,12-belgium,1,24.449,pirelli,2023
williams,logan-sargeant,2,mercedes,8,9,12-belgium,1,23.570,pirelli,2023
alphatauri,yuki-tsunoda,22,honda-rbpt,9,10,12-belgium,1,22.610,pirelli,2023
aston-martin,fernando-alonso,14,mercedes,10,11,12-belgium,1,23.085,pirelli,2023
mercedes,lewis-hamilton,44,mercedes,12,12,12-belgium,1,23.090,pirelli,2023
haas,nico-hulkenberg,27,ferrari,12,13,12-belgium,1,24.571,pirelli,2023
red-bull,sergio-perez,11,honda-rbpt,13,14,12-belgium,1,23.684,pirelli,2023
ferrari,charles-leclerc,16,ferrari,13,15,12-belgium,1,23.224,pirelli,2023
red-bull,max-verstappen,1,honda-rbpt,14,16,12-belgium,1,22.887,pirelli,2023
mclaren,lando-norris,4,mercedes,17,17,12-belgium,2,23.744,pirelli,2023
aston-martin,lance-stroll,18,mercedes,20,18,12-belgium,1,25.397,pirelli,2023
mercedes,george-russell,63,mercedes,22,19,12-belgium,1,23.837,pirelli,2023
alphatauri,daniel-ricciardo,3,honda-rbpt,22,20,12-belgium,2,23.290,pirelli,2023
alpine,pierre-gasly,10,renault,23,21,12-belgium,1,25.664,pirelli,2023
williams,alexander-albon,23,mercedes,23,22,12-belgium,2,23.596,pirelli,2023
alphatauri,yuki-tsunoda,22,honda-rbpt,24,23,12-belgium,2,22.737,pirelli,2023
alfa-romeo,valtteri-bottas,77,ferrari,24,24,12-belgium,2,23.786,pirelli,2023
haas,nico-hulkenberg,27,ferrari,24,25,12-belgium,2,25.238,pirelli,2023
williams,logan-sargeant,2,mercedes,24,26,12-belgium,2,23.938,pirelli,2023
alpine,esteban-ocon,31,renault,25,27,12-belgium,2,23.339,pirelli,2023
haas,kevin-magnussen,20,ferrari,25,28,12-belgium,2,23.572,pirelli,2023
alfa-romeo,guanyu-zhou,24,ferrari,25,29,12-belgium,2,24.045,pirelli,2023
mercedes,lewis-hamilton,44,mercedes,27,30,12-belgium,2,23.023,pirelli,2023
ferrari,charles-leclerc,16,ferrari,28,31,12-belgium,2,23.148,pirelli,2023
red-bull,sergio-perez,11,honda-rbpt,29,32,12-belgium,2,22.710,pirelli,2023
aston-martin,fernando-alonso,14,mercedes,29,33,12-belgium,2,23.798,pirelli,2023
red-bull,max-verstappen,1,honda-rbpt,30,34,12-belgium,2,23.012,pirelli,2023
williams,alexander-albon,23,mercedes,33,35,12-belgium,3,23.529,pirelli,2023
williams,logan-sargeant,2,mercedes,34,36,12-belgium,3,23.109,pirelli,2023
mercedes,lewis-hamilton,44,mercedes,42,37,12-belgium,3,23.156,pirelli,2023
red-bull,sergio-perez,11,honda-rbpt,1,1,13-netherlands,1,22.666,pirelli,2023
ferrari,charles-leclerc,16,ferrari,1,2,13-netherlands,1,32.686,pirelli,2023
alpine,pierre-gasly,10,renault,1,3,13-netherlands,1,28.469,pirelli,2023
alfa-romeo,guanyu-zhou,24,ferrari,1,4,13-netherlands,1,23.088,pirelli,2023
alphatauri,yuki-tsunoda,22,honda-rbpt,1,5,13-netherlands,1,32.321,pirelli,2023
alphatauri,liam-lawson,40,honda-rbpt,1,6,13-netherlands,1,42.641,pirelli,2023
haas,kevin-magnussen,20,ferrari,1,7,13-netherlands,1,31.341,pirelli,2023
red-bull,max-verstappen,1,honda-rbpt,2,8,13-netherlands,1,20.379,pirelli,2023
aston-martin,fernando-alonso,14,mercedes,2,9,13-netherlands,1,20.647,pirelli,2023
ferrari,carlos-sainz-jr,55,ferrari,2,10,13-netherlands,1,20.973,pirelli,2023
alpine,esteban-ocon,31,renault,2,11,13-netherlands,1,22.534,pirelli,2023
mclaren,lando-norris,4,mercedes,3,12,13-netherlands,1,20.170,pirelli,2023
mercedes,lewis-hamilton,44,mercedes,3,13,13-netherlands,1,20.266,pirelli,2023
mercedes,george-russell,63,mercedes,4,14,13-netherlands,1,21.201,pirelli,2023
aston-martin,lance-stroll,18,mercedes,4,15,13-netherlands,1,20.036,pirelli,2023
haas,kevin-magnussen,20,ferrari,9,16,13-netherlands,2,20.137,pirelli,2023
mercedes,lewis-hamilton,44,mercedes,9,17,13-netherlands,2,19.970,pirelli,2023
aston-martin,lance-stroll,18,mercedes,9,18,13-netherlands,2,20.208,pirelli,2023
alfa-romeo,guanyu-zhou,24,ferrari,10,19,13-netherlands,2,20.231,pirelli,2023
aston-martin,fernando-alonso,14,mercedes,10,20,13-netherlands,2,20.109,pirelli,2023
ferrari,carlos-sainz-jr,55,ferrari,10,21,13-netherlands,2,19.511,pirelli,2023
alphatauri,yuki-tsunoda,22,honda-rbpt,10,22,13-netherlands,2,18.904,pirelli,2023
alpine,esteban-ocon,31,renault,10,23,13-netherlands,2,19.795,pirelli,2023
mclaren,lando-norris,4,mercedes,10,24,13-netherlands,2,20.395,pirelli,2023
alphatauri,liam-lawson,40,honda-rbpt,10,25,13-netherlands,2,30.836,pirelli,2023
mercedes,george-russell,63,mercedes,10,26,13-netherlands,2,20.148,pirelli,2023
red-bull,max-verstappen,1,honda-rbpt,11,27,13-netherlands,2,19.289,pirelli,2023
alpine,pierre-gasly,10,renault,11,28,13-netherlands,2,19.518,pirelli,2023
ferrari,charles-leclerc,16,ferrari,11,29,13-netherlands,2,27.202,pirelli,2023
red-bull,sergio-perez,11,honda-rbpt,12,30,13-netherlands,2,19.460,pirelli,2023
mclaren,oscar-piastri,81,mercedes,15,31,13-netherlands,1,18.979,pirelli,2023
alfa-romeo,valtteri-bottas,77,ferrari,16,32,13-netherlands,1,20.187,pirelli,2023
haas,nico-hulkenberg,27,ferrari,16,33,13-netherlands,1,20.438,pirelli,2023
mercedes,george-russell,63,mercedes,16,34,13-netherlands,3,19.607,pirelli,2023
aston-martin,lance-stroll,18,mercedes,16,35,13-netherlands,3,19.653,pirelli,2023
alphatauri,liam-lawson,40,honda-rbpt,17,36,13-netherlands,3,19.600,pirelli,2023
aston-martin,lance-stroll,18,mercedes,34,37,13-netherlands,4,19.923,pirelli,2023
haas,kevin-magnussen,20,ferrari,35,38,13-netherlands,3,20.510,pirelli,2023
alfa-romeo,guanyu-zhou,24,ferrari,37,39,13-netherlands,3,20.469,pirelli,2023
ferrari,carlos-sainz-jr,55,ferrari,41,40,13-netherlands,3,19.398,pirelli,2023
mclaren,lando-norris,4,mercedes,42,41,13-netherlands,3,18.878,pirelli,2023
alpine,esteban-ocon,31,renault,43,42,13-netherlands,3,19.024,pirelli,2023
williams,alexander-albon,23,mercedes,44,43,13-netherlands,1,19.667,pirelli,2023
red-bull,sergio-perez,11,honda-rbpt,45,44,13-netherlands,3,18.789,pirelli,2023
mercedes,lewis-hamilton,44,mercedes,45,45,13-netherlands,3,19.327,pirelli,2023
alpine,pierre-gasly,10,renault,46,46,13-netherlands,3,25.404,pirelli,2023
mclaren,oscar-piastri,81,mercedes,46,47,13-netherlands,2,19.120,pirelli,2023
alphatauri,liam-lawson,40,honda-rbpt,46,48,13-netherlands,4,19.192,pirelli,2023
alfa-romeo,valtteri-bottas,77,ferrari,47,49,13-netherlands,2,20.213,pirelli,2023
aston-martin,fernando-alonso,14,mercedes,48,50,13-netherlands,3,25.147,pirelli,2023
haas,nico-hulkenberg,27,ferrari,48,51,13-netherlands,2,19.713,pirelli,2023
red-bull,max-verstappen,1,honda-rbpt,49,52,13-netherlands,3,18.706,pirelli,2023
alfa-romeo,valtteri-bottas,77,ferrari,59,53,13-netherlands,3,19.735,pirelli,2023
alphatauri,liam-lawson,40,honda-rbpt,59,54,13-netherlands,5,19.307,pirelli,2023
red-bull,sergio-perez,11,honda-rbpt,60,55,13-netherlands,4,27.596,pirelli,2023
alpine,pierre-gasly,10,renault,60,56,13-netherlands,4,20.417,pirelli,2023
ferrari,carlos-sainz-jr,55,ferrari,60,57,13-netherlands,4,19.838,pirelli,2023
mercedes,lewis-hamilton,44,mercedes,60,58,13-netherlands,4,20.779,pirelli,2023
mercedes,george-russell,63,mercedes,60,59,13-netherlands,4,24.019,pirelli,2023
mclaren,lando-norris,4,mercedes,60,60,13-netherlands,4,19.871,pirelli,2023
mclaren,oscar-piastri,81,mercedes,60,61,13-netherlands,3,22.376,pirelli,2023
alphatauri,yuki-tsunoda,22,honda-rbpt,60,62,13-netherlands,3,20.602,pirelli,2023
alfa-romeo,guanyu-zhou,24,ferrari,60,63,13-netherlands,4,21.439,pirelli,2023
haas,nico-hulkenberg,27,ferrari,60,64,13-netherlands,3,23.582,pirelli,2023
aston-martin,lance-stroll,18,mercedes,60,65,13-netherlands,5,21.532,pirelli,2023
haas,kevin-magnussen,20,ferrari,60,66,13-netherlands,4,23.584,pirelli,2023
red-bull,max-verstappen,1,honda-rbpt,61,67,13-netherlands,4,19.429,pirelli,2023
aston-martin,fernando-alonso,14,mercedes,61,68,13-netherlands,4,20.655,pirelli,2023
williams,alexander-albon,23,mercedes,61,69,13-netherlands,2,21.300,pirelli,2023
alpine,esteban-ocon,31,renault,61,70,13-netherlands,4,22.096,pirelli,2023
red-bull,max-verstappen,1,honda-rbpt,63,71,13-netherlands,5,20.402,pirelli,2023
red-bull,sergio-perez,11,honda-rbpt,63,72,13-netherlands,5,41:01.612,pirelli,2023
mclaren,lando-norris,4,mercedes,63,73,13-netherlands,5,40:43.212,pirelli,2023
mercedes,george-russell,63,mercedes,63,74,13-netherlands,5,40:46.251,pirelli,2023
williams,alexander-albon,23,mercedes,63,75,13-netherlands,3,40:43.475,pirelli,2023
mclaren,oscar-piastri,81,mercedes,63,76,13-netherlands,4,40:34.653,pirelli,2023
alpine,esteban-ocon,31,renault,63,77,13-netherlands,5,40:32.201,pirelli,2023
alphatauri,yuki-tsunoda,22,honda-rbpt,63,78,13-netherlands,4,40:14.895,pirelli,2023
aston-martin,lance-stroll,18,mercedes,63,79,13-netherlands,6,40:10.734,pirelli,2023
haas,nico-hulkenberg,27,ferrari,63,80,13-netherlands,4,40:10.704,pirelli,2023
alfa-romeo,valtteri-bottas,77,ferrari,63,81,13-netherlands,4,40:05.113,pirelli,2023
alphatauri,liam-lawson,40,honda-rbpt,63,82,13-netherlands,6,39:56.340,pirelli,2023
haas,kevin-magnussen,20,ferrari,63,83,13-netherlands,5,39:54.733,pirelli,2023
red-bull,max-verstappen,1,honda-rbpt,64,84,13-netherlands,6,41:23.382,pirelli,2023
aston-martin,fernando-alonso,14,mercedes,64,85,13-netherlands,5,40:55.302,pirelli,2023
alpine,pierre-gasly,10,renault,64,86,13-netherlands,5,40:43.169,pirelli,2023
ferrari,carlos-sainz-jr,55,ferrari,64,87,13-netherlands,5,40:43.147,pirelli,2023
mercedes,lewis-hamilton,44,mercedes,64,88,13-netherlands,5,40:31.108,pirelli,2023
red-bull,sergio-perez,11,honda-rbpt,64,89,13-netherlands,6,35.592,pirelli,2023
mclaren,lando-norris,4,mercedes,64,90,13-netherlands,6,44.272,pirelli,2023
mercedes,george-russell,63,mercedes,64,91,13-netherlands,6,39.845,pirelli,2023
williams,alexander-albon,23,mercedes,64,92,13-netherlands,4,39.234,pirelli,2023
mclaren,oscar-piastri,81,mercedes,64,93,13-netherlands,5,38.453,pirelli,2023
alpine,esteban-ocon,31,renault,64,94,13-netherlands,6,37.037,pirelli,2023
alphatauri,yuki-tsunoda,22,honda-rbpt,64,95,13-netherlands,5,34.901,pirelli,2023
aston-martin,lance-stroll,18,mercedes,64,96,13-netherlands,7,33.553,pirelli,2023
haas,nico-hulkenberg,27,ferrari,64,97,13-netherlands,5,32.884,pirelli,2023
alfa-romeo,valtteri-bottas,77,ferrari,64,98,13-netherlands,5,32.518,pirelli,2023
alphatauri,liam-lawson,40,honda-rbpt,64,99,13-netherlands,7,31.306,pirelli,2023
haas,kevin-magnussen,20,ferrari,64,100,13-netherlands,6,30.628,pirelli,2023
mercedes,george-russell,63,mercedes,67,101,13-netherlands,7,22.379,pirelli,2023
alpine,pierre-gasly,10,renault,10,1,14-italy,1,27.376,pirelli,2023
alfa-romeo,guanyu-zhou,24,ferrari,11,2,14-italy,1,24.396,pirelli,2023
haas,kevin-magnussen,20,ferrari,12,3,14-italy,1,24.660,pirelli,2023
alphatauri,liam-lawson,40,honda-rbpt,13,4,14-italy,1,24.212,pirelli,2023
haas,nico-hulkenberg,27,ferrari,14,5,14-italy,1,26.095,pirelli,2023
williams,logan-sargeant,2,mercedes,14,6,14-italy,1,24.779,pirelli,2023
williams,alexander-albon,23,mercedes,15,7,14-italy,1,24.538,pirelli,2023
ferrari,carlos-sainz-jr,55,ferrari,19,8,14-italy,1,25.183,pirelli,2023
mercedes,george-russell,63,mercedes,19,9,14-italy,1,24.215,pirelli,2023
red-bull,max-verstappen,1,honda-rbpt,20,10,14-italy,1,24.228,pirelli,2023
ferrari,charles-leclerc,16,ferrari,20,11,14-italy,1,23.931,pirelli,2023
aston-martin,lance-stroll,18,mercedes,20,12,14-italy,1,25.667,pirelli,2023
red-bull,sergio-perez,11,honda-rbpt,21,13,14-italy,1,23.819,pirelli,2023
aston-martin,fernando-alonso,14,mercedes,21,14,14-italy,1,24.798,pirelli,2023
mclaren,lando-norris,4,mercedes,22,15,14-italy,1,23.727,pirelli,2023
mclaren,oscar-piastri,81,mercedes,23,16,14-italy,1,24.133,pirelli,2023
alpine,esteban-ocon,31,renault,24,17,14-italy,1,24.249,pirelli,2023
alfa-romeo,valtteri-bottas,77,ferrari,25,18,14-italy,1,24.658,pirelli,2023
mercedes,lewis-hamilton,44,mercedes,27,19,14-italy,1,24.255,pirelli,2023
alpine,pierre-gasly,10,renault,31,20,14-italy,2,24.686,pirelli,2023
alphatauri,liam-lawson,40,honda-rbpt,33,21,14-italy,2,24.281,pirelli,2023
alfa-romeo,guanyu-zhou,24,ferrari,33,22,14-italy,2,25.959,pirelli,2023
haas,kevin-magnussen,20,ferrari,33,23,14-italy,2,24.765,pirelli,2023
haas,nico-hulkenberg,27,ferrari,39,24,14-italy,2,24.328,pirelli,2023
mclaren,oscar-piastri,81,mercedes,41,25,14-italy,2,31.799,pirelli,2023
alfa-romeo,guanyu-zhou,24,ferrari,2,1,15-singapore,1,30.032,pirelli,2023
williams,logan-sargeant,2,mercedes,19,2,15-singapore,1,1:03.543,pirelli,2023
ferrari,carlos-sainz-jr,55,ferrari,20,3,15-singapore,1,29.499,pirelli,2023
ferrari,charles-leclerc,16,ferrari,20,4,15-singapore,1,32.888,pirelli,2023
mercedes,george-russell,63,mercedes,20,5,15-singapore,1,29.976,pirelli,2023
mclaren,lando-norris,4,mercedes,20,6,15-singapore,1,29.485,pirelli,2023
mercedes,lewis-hamilton,44,mercedes,20,7,15-singapore,1,32.631,pirelli,2023
aston-martin,fernando-alonso,14,mercedes,20,8,15-singapore,1,30.670,pirelli,2023
alpine,esteban-ocon,31,renault,20,9,15-singapore,1,29.755,pirelli,2023
haas,kevin-magnussen,20,ferrari,20,10,15-singapore,1,31.475,pirelli,2023
haas,nico-hulkenberg,27,ferrari,20,11,15-singapore,1,35.497,pirelli,2023
alpine,pierre-gasly,10,renault,20,12,15-singapore,1,31.802,pirelli,2023
alphatauri,liam-lawson,40,honda-rbpt,20,13,15-singapore,1,32.348,pirelli,2023
mclaren,oscar-piastri,81,mercedes,20,14,15-singapore,1,29.369,pirelli,2023
williams,alexander-albon,23,mercedes,20,15,15-singapore,1,30.138,pirelli,2023
alfa-romeo,guanyu-zhou,24,ferrari,20,16,15-singapore,2,30.637,pirelli,2023
red-bull,sergio-perez,11,honda-rbpt,39,17,15-singapore,1,28.977,pirelli,2023
red-bull,max-verstappen,1,honda-rbpt,40,18,15-singapore,1,29.698,pirelli,2023
alfa-romeo,valtteri-bottas,77,ferrari,40,19,15-singapore,1,30.487,pirelli,2023
williams,alexander-albon,23,mercedes,43,20,15-singapore,2,29.787,pirelli,2023
haas,kevin-magnussen,20,ferrari,43,21,15-singapore,2,33.078,pirelli,2023
williams,logan-sargeant,2,mercedes,43,22,15-singapore,2,31.018,pirelli,2023
mercedes,george-russell,63,mercedes,44,23,15-singapore,2,30.039,pirelli,2023
mercedes,lewis-hamilton,44,mercedes,44,24,15-singapore,2,33.581,pirelli,2023
aston-martin,fernando-alonso,14,mercedes,44,25,15-singapore,2,52.708,pirelli,2023
williams,alexander-albon,23,mercedes,1,1,16-japan,1,50.143,pirelli,2023
alfa-romeo,guanyu-zhou,24,ferrari,1,2,16-japan,1,41.041,pirelli,2023
alpine,esteban-ocon,31,renault,1,3,16-japan,1,27.056,pirelli,2023
alfa-romeo,valtteri-bottas,77,ferrari,1,4,16-japan,1,55.802,pirelli,2023
red-bull,sergio-perez,11,honda-rbpt,2,5,16-japan,1,32.450,pirelli,2023
williams,logan-sargeant,2,mercedes,2,6,16-japan,1,32.715,pirelli,2023
williams,logan-sargeant,2,mercedes,5,7,16-japan,2,43.868,pirelli,2023
alfa-romeo,valtteri-bottas,77,ferrari,6,8,16-japan,2,53.512,pirelli,2023
haas,nico-hulkenberg,27,ferrari,8,9,16-japan,1,23.520,pirelli,2023
alphatauri,yuki-tsunoda,22,honda-rbpt,9,10,16-japan,1,22.944,pirelli,2023
alphatauri,liam-lawson,40,honda-rbpt,10,11,16-japan,1,23.136,pirelli,2023
alfa-romeo,guanyu-zhou,24,ferrari,10,12,16-japan,2,24.091,pirelli,2023
aston-martin,fernando-alonso,14,mercedes,11,13,16-japan,1,24.086,pirelli,2023
red-bull,sergio-perez,11,honda-rbpt,12,14,16-japan,2,41.499,pirelli,2023
haas,kevin-magnussen,20,ferrari,12,15,16-japan,1,23.816,pirelli,2023
mclaren,oscar-piastri,81,mercedes,13,16,16-japan,1,24.455,pirelli,2023
williams,alexander-albon,23,mercedes,13,17,16-japan,2,52.165,pirelli,2023
aston-martin,lance-stroll,18,mercedes,14,18,16-japan,1,23.441,pirelli,2023
red-bull,sergio-perez,11,honda-rbpt,13,19,16-japan,3,41:25.913,pirelli,2023
red-bull,max-verstappen,1,honda-rbpt,16,20,16-japan,1,24.382,pirelli,2023
mercedes,lewis-hamilton,44,mercedes,16,21,16-japan,1,24.841,pirelli,2023
mclaren,lando-norris,4,mercedes,17,22,16-japan,1,23.523,pirelli,2023
ferrari,charles-leclerc,16,ferrari,17,23,16-japan,1,23.197,pirelli,2023
ferrari,carlos-sainz-jr,55,ferrari,18,24,16-japan,1,23.075,pirelli,2023
alpine,pierre-gasly,10,renault,18,25,16-japan,1,24.488,pirelli,2023
haas,nico-hulkenberg,27,ferrari,21,26,16-japan,2,23.660,pirelli,2023
williams,logan-sargeant,2,mercedes,21,27,16-japan,3,35.182,pirelli,2023
mercedes,george-russell,63,mercedes,24,28,16-japan,1,24.034,pirelli,2023
aston-martin,fernando-alonso,14,mercedes,25,29,16-japan,2,24.294,pirelli,2023
alphatauri,liam-lawson,40,honda-rbpt,25,30,16-japan,2,23.671,pirelli,2023
alpine,esteban-ocon,31,renault,28,31,16-japan,2,23.789,pirelli,2023
alfa-romeo,guanyu-zhou,24,ferrari,29,32,16-japan,3,24.116,pirelli,2023
alphatauri,yuki-tsunoda,22,honda-rbpt,30,33,16-japan,2,23.327,pirelli,2023
haas,kevin-magnussen,20,ferrari,31,34,16-japan,2,23.858,pirelli,2023
ferrari,charles-leclerc,16,ferrari,34,35,16-japan,2,22.926,pirelli,2023
mercedes,lewis-hamilton,44,mercedes,34,36,16-japan,2,23.631,pirelli,2023
alpine,pierre-gasly,10,renault,34,37,16-japan,2,24.651,pirelli,2023
mclaren,oscar-piastri,81,mercedes,35,38,16-japan,2,23.198,pirelli,2023
mclaren,lando-norris,4,mercedes,36,39,16-japan,2,23.182,pirelli,2023
red-bull,max-verstappen,1,honda-rbpt,37,40,16-japan,2,23.696,pirelli,2023
haas,nico-hulkenberg,27,ferrari,37,41,16-japan,3,23.338,pirelli,2023
ferrari,carlos-sainz-jr,55,ferrari,38,42,16-japan,2,23.374,pirelli,2023
red-bull,sergio-perez,11,honda-rbpt,14,43,16-japan,4,30.651,pirelli,2023
mercedes,george-russell,63,mercedes,1,1,17-qatar,1,39.686,pirelli,2023
alfa-romeo,valtteri-bottas,77,ferrari,3,2,17-qatar,1,29.977,pirelli,2023
haas,kevin-magnussen,20,ferrari,3,3,17-qatar,1,28.743,pirelli,2023
aston-martin,lance-stroll,18,mercedes,3,4,17-qatar,1,28.886,pirelli,2023
alphatauri,liam-lawson,40,honda-rbpt,3,5,17-qatar,1,29.330,pirelli,2023
alphatauri,yuki-tsunoda,22,honda-rbpt,9,6,17-qatar,1,27.781,pirelli,2023
alpine,esteban-ocon,31,renault,10,7,17-qatar,1,28.961,pirelli,2023
aston-martin,fernando-alonso,14,mercedes,11,8,17-qatar,1,28.373,pirelli,2023
alpine,pierre-gasly,10,renault,11,9,17-qatar,1,28.429,pirelli,2023
mclaren,oscar-piastri,81,mercedes,12,10,17-qatar,1,28.875,pirelli,2023
ferrari,charles-leclerc,16,ferrari,12,11,17-qatar,1,28.228,pirelli,2023
mclaren,lando-norris,4,mercedes,13,12,17-qatar,1,28.134,pirelli,2023
haas,nico-hulkenberg,27,ferrari,13,13,17-qatar,1,39.879,pirelli,2023
williams,logan-sargeant,2,mercedes,13,14,17-qatar,1,29.436,pirelli,2023
mercedes,george-russell,63,mercedes,14,15,17-qatar,2,28.542,pirelli,2023
red-bull,max-verstappen,1,honda-rbpt,17,16,17-qatar,1,28.233,pirelli,2023
red-bull,sergio-perez,11,honda-rbpt,17,17,17-qatar,1,27.808,pirelli,2023
williams,alexander-albon,23,mercedes,18,18,17-qatar,1,29.253,pirelli,2023
alfa-romeo,guanyu-zhou,24,ferrari,18,19,17-qatar,1,28.984,pirelli,2023
alfa-romeo,valtteri-bottas,77,ferrari,21,20,17-qatar,2,29.387,pirelli,2023
aston-martin,lance-stroll,18,mercedes,21,21,17-qatar,2,28.156,pirelli,2023
haas,kevin-magnussen,20,ferrari,21,22,17-qatar,2,28.948,pirelli,2023
alphatauri,liam-lawson,40,honda-rbpt,21,23,17-qatar,2,28.665,pirelli,2023
alphatauri,yuki-tsunoda,22,honda-rbpt,22,24,17-qatar,2,27.596,pirelli,2023
mclaren,oscar-piastri,81,mercedes,25,25,17-qatar,2,27.868,pirelli,2023
ferrari,charles-leclerc,16,ferrari,25,26,17-qatar,2,27.873,pirelli,2023
alpine,esteban-ocon,31,renault,25,27,17-qatar,2,28.969,pirelli,2023
aston-martin,fernando-alonso,14,mercedes,26,28,17-qatar,2,28.432,pirelli,2023
alpine,pierre-gasly,10,renault,26,29,17-qatar,2,30.192,pirelli,2023
williams,logan-sargeant,2,mercedes,26,30,17-qatar,2,29.373,pirelli,2023
mclaren,lando-norris,4,mercedes,27,31,17-qatar,2,27.611,pirelli,2023
haas,nico-hulkenberg,27,ferrari,27,32,17-qatar,2,28.274,pirelli,2023
red-bull,sergio-perez,11,honda-rbpt,31,33,17-qatar,2,33.246,pirelli,2023
williams,alexander-albon,23,mercedes,31,34,17-qatar,2,28.747,pirelli,2023
mercedes,george-russell,63,mercedes,32,35,17-qatar,3,28.314,pirelli,2023
red-bull,max-verstappen,1,honda-rbpt,34,36,17-qatar,2,28.103,pirelli,2023
alfa-romeo,guanyu-zhou,24,ferrari,35,37,17-qatar,2,28.854,pirelli,2023
alfa-romeo,valtteri-bottas,77,ferrari,39,38,17-qatar,3,28.946,pirelli,2023
aston-martin,lance-stroll,18,mercedes,39,39,17-qatar,3,29.399,pirelli,2023
haas,kevin-magnussen,20,ferrari,39,40,17-qatar,3,30.331,pirelli,2023
alphatauri,liam-lawson,40,honda-rbpt,39,41,17-qatar,3,28.171,pirelli,2023
haas,nico-hulkenberg,27,ferrari,39,42,17-qatar,3,28.591,pirelli,2023
alphatauri,yuki-tsunoda,22,honda-rbpt,40,43,17-qatar,3,27.809,pirelli,2023
mclaren,oscar-piastri,81,mercedes,43,44,17-qatar,3,27.489,pirelli,2023
ferrari,charles-leclerc,16,ferrari,43,45,17-qatar,3,27.513,pirelli,2023
alpine,esteban-ocon,31,renault,43,46,17-qatar,3,29.169,pirelli,2023
red-bull,sergio-perez,11,honda-rbpt,43,47,17-qatar,3,33.165,pirelli,2023
mclaren,lando-norris,4,mercedes,44,48,17-qatar,3,27.677,pirelli,2023
aston-martin,fernando-alonso,14,mercedes,44,49,17-qatar,3,28.393,pirelli,2023
alpine,pierre-gasly,10,renault,44,50,17-qatar,3,34.856,pirelli,2023
williams,alexander-albon,23,mercedes,44,51,17-qatar,3,28.981,pirelli,2023
mercedes,george-russell,63,mercedes,50,52,17-qatar,4,28.191,pirelli,2023
red-bull,max-verstappen,1,honda-rbpt,51,53,17-qatar,3,29.726,pirelli,2023
alfa-romeo,guanyu-zhou,24,ferrari,52,54,17-qatar,3,28.815,pirelli,2023
alfa-romeo,guanyu-zhou,24,ferrari,9,1,18-united-states,1,25.636,pirelli,2023
williams,alexander-albon,23,mercedes,10,2,18-united-states,1,24.563,pirelli,2023
alfa-romeo,valtteri-bottas,77,ferrari,10,3,18-united-states,1,24.783,pirelli,2023
haas,kevin-magnussen,20,ferrari,10,4,18-united-states,1,25.067,pirelli,2023
williams,logan-sargeant,2,mercedes,11,5,18-united-states,1,24.990,pirelli,2023
red-bull,max-verstappen,1,honda-rbpt,16,6,18-united-states,1,23.756,pirelli,2023
mclaren,lando-norris,4,mercedes,17,7,18-united-states,1,24.155,pirelli,2023
ferrari,carlos-sainz-jr,55,ferrari,17,8,18-united-states,1,23.668,pirelli,2023
red-bull,sergio-perez,11,honda-rbpt,17,9,18-united-states,1,24.245,pirelli,2023
alphatauri,yuki-tsunoda,22,honda-rbpt,17,10,18-united-states,1,24.354,pirelli,2023
alpine,pierre-gasly,10,renault,18,11,18-united-states,1,23.900,pirelli,2023
aston-martin,fernando-alonso,14,mercedes,19,12,18-united-states,1,25.055,pirelli,2023
haas,nico-hulkenberg,27,ferrari,19,13,18-united-states,1,26.573,pirelli,2023
mercedes,lewis-hamilton,44,mercedes,20,14,18-united-states,1,24.916,pirelli,2023
aston-martin,lance-stroll,18,mercedes,20,15,18-united-states,1,24.457,pirelli,2023
mercedes,george-russell,63,mercedes,21,16,18-united-states,1,24.357,pirelli,2023
alphatauri,daniel-ricciardo,3,honda-rbpt,22,17,18-united-states,1,24.364,pirelli,2023
ferrari,charles-leclerc,16,ferrari,23,18,18-united-states,1,23.963,pirelli,2023
alfa-romeo,guanyu-zhou,24,ferrari,27,19,18-united-states,2,24.717,pirelli,2023
alfa-romeo,valtteri-bottas,77,ferrari,28,20,18-united-states,2,25.020,pirelli,2023
williams,alexander-albon,23,mercedes,29,21,18-united-states,2,24.354,pirelli,2023
haas,kevin-magnussen,20,ferrari,29,22,18-united-states,2,24.745,pirelli,2023
williams,logan-sargeant,2,mercedes,32,23,18-united-states,2,25.547,pirelli,2023
mclaren,lando-norris,4,mercedes,34,24,18-united-states,2,23.361,pirelli,2023
alphatauri,yuki-tsunoda,22,honda-rbpt,34,25,18-united-states,2,24.125,pirelli,2023
haas,nico-hulkenberg,27,ferrari,34,26,18-united-states,2,24.308,pirelli,2023
red-bull,max-verstappen,1,honda-rbpt,35,27,18-united-states,2,24.974,pirelli,2023
ferrari,carlos-sainz-jr,55,ferrari,35,28,18-united-states,2,23.673,pirelli,2023
red-bull,sergio-perez,11,honda-rbpt,37,29,18-united-states,2,23.747,pirelli,2023
alpine,pierre-gasly,10,renault,37,30,18-united-states,2,24.880,pirelli,2023
mercedes,lewis-hamilton,44,mercedes,38,31,18-united-states,2,24.648,pirelli,2023
mercedes,george-russell,63,mercedes,39,32,18-united-states,2,23.969,pirelli,2023
aston-martin,lance-stroll,18,mercedes,40,33,18-united-states,2,23.955,pirelli,2023
aston-martin,fernando-alonso,14,mercedes,42,34,18-united-states,2,24.823,pirelli,2023
alphatauri,daniel-ricciardo,3,honda-rbpt,47,35,18-united-states,2,26.513,pirelli,2023
alphatauri,yuki-tsunoda,22,honda-rbpt,54,36,18-united-states,3,23.472,pirelli,2023
alphatauri,yuki-tsunoda,22,honda-rbpt,9,1,19-mexico,1,30.121,pirelli,2023
mclaren,lando-norris,4,mercedes,11,2,19-mexico,1,23.408,pirelli,2023
red-bull,max-verstappen,1,honda-rbpt,19,3,19-mexico,1,22.427,pirelli,2023
alfa-romeo,guanyu-zhou,24,ferrari,21,4,19-mexico,1,22.817,pirelli,2023
williams,logan-sargeant,2,mercedes,22,5,19-mexico,1,23.945,pirelli,2023
haas,nico-hulkenberg,27,ferrari,23,6,19-mexico,1,23.144,pirelli,2023
haas,kevin-magnussen,20,ferrari,23,7,19-mexico,1,23.642,pirelli,2023
mercedes,lewis-hamilton,44,mercedes,24,8,19-mexico,1,22.210,pirelli,2023
mclaren,oscar-piastri,81,mercedes,25,9,19-mexico,1,23.734,pirelli,2023
mercedes,george-russell,63,mercedes,26,10,19-mexico,1,22.311,pirelli,2023
alphatauri,daniel-ricciardo,3,honda-rbpt,27,11,19-mexico,1,22.406,pirelli,2023
alpine,pierre-gasly,10,renault,28,12,19-mexico,1,22.627,pirelli,2023
aston-martin,fernando-alonso,14,mercedes,29,13,19-mexico,1,22.844,pirelli,2023
ferrari,carlos-sainz-jr,55,ferrari,30,14,19-mexico,1,22.067,pirelli,2023
aston-martin,lance-stroll,18,mercedes,30,15,19-mexico,1,22.582,pirelli,2023
ferrari,charles-leclerc,16,ferrari,31,16,19-mexico,1,22.248,pirelli,2023
alfa-romeo,valtteri-bottas,77,ferrari,31,17,19-mexico,1,23.638,pirelli,2023
red-bull,max-verstappen,1,honda-rbpt,33,18,19-mexico,2,22.372,pirelli,2023
mclaren,lando-norris,4,mercedes,33,19,19-mexico,2,22.563,pirelli,2023
williams,alexander-albon,23,mercedes,33,20,19-mexico,1,23.680,pirelli,2023
red-bull,max-verstappen,1,honda-rbpt,34,21,19-mexico,3,20:09.136,pirelli,2023
ferrari,charles-leclerc,16,ferrari,34,22,19-mexico,2,20:10.512,pirelli,2023
mercedes,lewis-hamilton,44,mercedes,34,23,19-mexico,2,20:12.908,pirelli,2023
ferrari,carlos-sainz-jr,55,ferrari,34,24,19-mexico,2,20:15.432,pirelli,2023
alphatauri,daniel-ricciardo,3,honda-rbpt,34,25,19-mexico,2,20:17.136,pirelli,2023
mclaren,oscar-piastri,81,mercedes,34,26,19-mexico,2,20:19.064,pirelli,2023
mercedes,george-russell,63,mercedes,34,27,19-mexico,2,20:18.200,pirelli,2023
alphatauri,yuki-tsunoda,22,honda-rbpt,34,28,19-mexico,2,20:18.057,pirelli,2023
haas,nico-hulkenberg,27,ferrari,34,29,19-mexico,2,20:19.826,pirelli,2023
mclaren,lando-norris,4,mercedes,34,30,19-mexico,3,20:26.386,pirelli,2023
alpine,pierre-gasly,10,renault,34,31,19-mexico,2,20:25.698,pirelli,2023
williams,alexander-albon,23,mercedes,34,32,19-mexico,2,20:27.980,pirelli,2023
alfa-romeo,guanyu-zhou,24,ferrari,34,33,19-mexico,2,20:29.539,pirelli,2023
alpine,esteban-ocon,31,renault,34,34,19-mexico,1,20:26.296,pirelli,2023
williams,logan-sargeant,2,mercedes,34,35,19-mexico,2,20:27.718,pirelli,2023
alfa-romeo,valtteri-bottas,77,ferrari,34,36,19-mexico,2,20:29.349,pirelli,2023
aston-martin,lance-stroll,18,mercedes,34,37,19-mexico,2,20:29.686,pirelli,2023
aston-martin,fernando-alonso,14,mercedes,34,38,19-mexico,2,20:29.837,pirelli,2023
red-bull,max-verstappen,1,honda-rbpt,1,1,20-sao-paulo,1,18.535,pirelli,2023
mclaren,lando-norris,4,mercedes,1,2,20-sao-paulo,1,19.386,pirelli,2023
mercedes,lewis-hamilton,44,mercedes,1,3,20-sao-paulo,1,18.521,pirelli,2023
aston-martin,fernando-alonso,14,mercedes,1,4,20-sao-paulo,1,18.487,pirelli,2023
aston-martin,lance-stroll,18,mercedes,1,5,20-sao-paulo,1,18.504,pirelli,2023
mercedes,george-russell,63,mercedes,1,6,20-sao-paulo,1,20.449,pirelli,2023
red-bull,sergio-perez,11,honda-rbpt,1,7,20-sao-paulo,1,20.811,pirelli,2023
ferrari,carlos-sainz-jr,55,ferrari,1,8,20-sao-paulo,1,23.030,pirelli,2023
alpine,esteban-ocon,31,renault,1,9,20-sao-paulo,1,22.209,pirelli,2023
mclaren,oscar-piastri,81,mercedes,1,10,20-sao-paulo,1,26:24.007,pirelli,2023
alphatauri,yuki-tsunoda,22,honda-rbpt,1,11,20-sao-paulo,1,20.969,pirelli,2023
alpine,pierre-gasly,10,renault,1,12,20-sao-paulo,1,20.523,pirelli,2023
alfa-romeo,valtteri-bottas,77,ferrari,1,13,20-sao-paulo,1,20.732,pirelli,2023
alfa-romeo,guanyu-zhou,24,ferrari,1,14,20-sao-paulo,1,21.256,pirelli,2023
williams,logan-sargeant,2,mercedes,1,15,20-sao-paulo,1,27.472,pirelli,2023
alphatauri,daniel-ricciardo,3,honda-rbpt,1,16,20-sao-paulo,1,26:16.725,pirelli,2023
haas,nico-hulkenberg,27,ferrari,1,17,20-sao-paulo,1,34.261,pirelli,2023
red-bull,max-verstappen,1,honda-rbpt,2,18,20-sao-paulo,2,23:22.632,pirelli,2023
mclaren,lando-norris,4,mercedes,2,19,20-sao-paulo,2,23:24.611,pirelli,2023
mercedes,lewis-hamilton,44,mercedes,2,20,20-sao-paulo,2,23:26.375,pirelli,2023
aston-martin,fernando-alonso,14,mercedes,2,21,20-sao-paulo,2,23:28.154,pirelli,2023
aston-martin,lance-stroll,18,mercedes,2,22,20-sao-paulo,2,23:29.984,pirelli,2023
mercedes,george-russell,63,mercedes,2,23,20-sao-paulo,2,23:30.984,pirelli,2023
red-bull,sergio-perez,11,honda-rbpt,2,24,20-sao-paulo,2,23:31.712,pirelli,2023
ferrari,carlos-sainz-jr,55,ferrari,2,25,20-sao-paulo,2,23:33.704,pirelli,2023
alpine,esteban-ocon,31,renault,2,26,20-sao-paulo,2,23:34.725,pirelli,2023
alphatauri,yuki-tsunoda,22,honda-rbpt,2,27,20-sao-paulo,2,23:35.420,pirelli,2023
alpine,pierre-gasly,10,renault,2,28,20-sao-paulo,2,23:36.706,pirelli,2023
alfa-romeo,valtteri-bottas,77,ferrari,2,29,20-sao-paulo,2,23:38.156,pirelli,2023
alfa-romeo,guanyu-zhou,24,ferrari,2,30,20-sao-paulo,2,23:39.945,pirelli,2023
williams,logan-sargeant,2,mercedes,2,31,20-sao-paulo,2,23:41.207,pirelli,2023
haas,nico-hulkenberg,27,ferrari,2,32,20-sao-paulo,2,23:41.069,pirelli,2023
mclaren,oscar-piastri,81,mercedes,2,33,20-sao-paulo,2,38.489,pirelli,2023
alphatauri,daniel-ricciardo,3,honda-rbpt,2,34,20-sao-paulo,2,32.770,pirelli,2023
alpine,esteban-ocon,31,renault,14,35,20-sao-paulo,3,24.037,pirelli,2023
alfa-romeo,guanyu-zhou,24,ferrari,15,36,20-sao-paulo,3,23.953,pirelli,2023
williams,logan-sargeant,2,mercedes,17,37,20-sao-paulo,3,24.367,pirelli,2023
mercedes,lewis-hamilton,44,mercedes,18,38,20-sao-paulo,3,23.571,pirelli,2023
alfa-romeo,valtteri-bottas,77,ferrari,18,39,20-sao-paulo,3,24.077,pirelli,2023
mercedes,george-russell,63,mercedes,19,40,20-sao-paulo,3,23.730,pirelli,2023
red-bull,sergio-perez,11,honda-rbpt,20,41,20-sao-paulo,3,23.164,pirelli,2023
haas,nico-hulkenberg,27,ferrari,21,42,20-sao-paulo,3,24.401,pirelli,2023
aston-martin,lance-stroll,18,mercedes,22,43,20-sao-paulo,3,23.558,pirelli,2023
aston-martin,fernando-alonso,14,mercedes,25,44,20-sao-paulo,3,24.204,pirelli,2023
mclaren,oscar-piastri,81,mercedes,24,45,20-sao-paulo,3,23.536,pirelli,2023
ferrari,carlos-sainz-jr,55,ferrari,26,46,20-sao-paulo,3,23.557,pirelli,2023
alpine,pierre-gasly,10,renault,26,47,20-sao-paulo,3,25.295,pirelli,2023
alphatauri,yuki-tsunoda,22,honda-rbpt,26,48,20-sao-paulo,3,27.114,pirelli,2023
red-bull,max-verstappen,1,honda-rbpt,27,49,20-sao-paulo,3,22.994,pirelli,2023
mclaren,lando-norris,4,mercedes,27,50,20-sao-paulo,3,23.806,pirelli,2023
alphatauri,daniel-ricciardo,3,honda-rbpt,26,51,20-sao-paulo,3,23.955,pirelli,2023
alpine,esteban-ocon,31,renault,31,52,20-sao-paulo,4,24.406,pirelli,2023
williams,logan-sargeant,2,mercedes,44,53,20-sao-paulo,4,24.137,pirelli,2023
mercedes,george-russell,63,mercedes,45,54,20-sao-paulo,4,23.962,pirelli,2023
red-bull,sergio-perez,11,honda-rbpt,46,55,20-sao-paulo,4,23.522,pirelli,2023
mercedes,lewis-hamilton,44,mercedes,46,56,20-sao-paulo,4,24.074,pirelli,2023
alpine,pierre-gasly,10,renault,46,57,20-sao-paulo,4,23.583,pirelli,2023
haas,nico-hulkenberg,27,ferrari,46,58,20-sao-paulo,4,23.841,pirelli,2023
aston-martin,fernando-alonso,14,mercedes,47,59,20-sao-paulo,4,23.830,pirelli,2023
ferrari,carlos-sainz-jr,55,ferrari,51,60,20-sao-paulo,4,23.704,pirelli,2023
alpine,esteban-ocon,31,renault,51,61,20-sao-paulo,5,23.599,pirelli,2023
aston-martin,lance-stroll,18,mercedes,52,62,20-sao-paulo,4,25.294,pirelli,2023
mclaren,oscar-piastri,81,mercedes,52,63,20-sao-paulo,4,23.338,pirelli,2023
alphatauri,yuki-tsunoda,22,honda-rbpt,55,64,20-sao-paulo,4,23.453,pirelli,2023
red-bull,max-verstappen,1,honda-rbpt,56,65,20-sao-paulo,4,23.397,pirelli,2023
alphatauri,daniel-ricciardo,3,honda-rbpt,55,66,20-sao-paulo,4,23.508,pirelli,2023
mclaren,lando-norris,4,mercedes,59,67,20-sao-paulo,4,23.664,pirelli,2023
red-bull,sergio-perez,11,honda-rbpt,1,1,21-las-vegas,1,33.599,pirelli,2023
aston-martin,fernando-alonso,14,mercedes,1,2,21-las-vegas,1,29.304,pirelli,2023
alfa-romeo,valtteri-bottas,77,ferrari,1,3,21-las-vegas,1,43.914,pirelli,2023
aston-martin,lance-stroll,18,mercedes,3,4,21-las-vegas,1,22.222,pirelli,2023
ferrari,carlos-sainz-jr,55,ferrari,3,5,21-las-vegas,1,21.261,pirelli,2023
alphatauri,yuki-tsunoda,22,honda-rbpt,10,6,21-las-vegas,1,20.619,pirelli,2023
haas,nico-hulkenberg,27,ferrari,12,7,21-las-vegas,1,22.154,pirelli,2023
haas,kevin-magnussen,20,ferrari,14,8,21-las-vegas,1,21.611,pirelli,2023
mercedes,george-russell,63,mercedes,15,9,21-las-vegas,1,21.257,pirelli,2023
williams,logan-sargeant,2,mercedes,15,10,21-las-vegas,1,21.367,pirelli,2023
red-bull,max-verstappen,1,honda-rbpt,16,11,21-las-vegas,1,26.686,pirelli,2023
williams,alexander-albon,23,mercedes,16,12,21-las-vegas,1,21.242,pirelli,2023
mclaren,oscar-piastri,81,mercedes,16,13,21-las-vegas,1,23.269,pirelli,2023
alpine,pierre-gasly,10,renault,17,14,21-las-vegas,1,22.262,pirelli,2023
mercedes,lewis-hamilton,44,mercedes,17,15,21-las-vegas,1,25.047,pirelli,2023
alphatauri,daniel-ricciardo,3,honda-rbpt,17,16,21-las-vegas,1,22.242,pirelli,2023
alpine,esteban-ocon,31,renault,20,17,21-las-vegas,1,21.763,pirelli,2023
ferrari,charles-leclerc,16,ferrari,21,18,21-las-vegas,1,22.559,pirelli,2023
alphatauri,yuki-tsunoda,22,honda-rbpt,21,19,21-las-vegas,2,20.894,pirelli,2023
alfa-romeo,valtteri-bottas,77,ferrari,24,20,21-las-vegas,2,21.575,pirelli,2023
red-bull,sergio-perez,11,honda-rbpt,26,21,21-las-vegas,2,21.568,pirelli,2023
aston-martin,lance-stroll,18,mercedes,26,22,21-las-vegas,2,22.570,pirelli,2023
red-bull,max-verstappen,1,honda-rbpt,26,23,21-las-vegas,2,21.323,pirelli,2023
mercedes,george-russell,63,mercedes,26,24,21-las-vegas,2,21.952,pirelli,2023
ferrari,carlos-sainz-jr,55,ferrari,26,25,21-las-vegas,2,22.630,pirelli,2023
aston-martin,fernando-alonso,14,mercedes,26,26,21-las-vegas,2,23.214,pirelli,2023
alfa-romeo,guanyu-zhou,24,ferrari,26,27,21-las-vegas,1,22.155,pirelli,2023
haas,kevin-magnussen,20,ferrari,26,28,21-las-vegas,2,21.868,pirelli,2023
haas,nico-hulkenberg,27,ferrari,26,29,21-las-vegas,2,25.453,pirelli,2023
mercedes,lewis-hamilton,44,mercedes,26,30,21-las-vegas,2,22.508,pirelli,2023
mclaren,oscar-piastri,81,mercedes,43,31,21-las-vegas,2,20.535,pirelli,2023
haas,kevin-magnussen,20,ferrari,5,1,22-abu-dhabi,1,22.764,pirelli,2023
alphatauri,daniel-ricciardo,3,honda-rbpt,7,2,22-abu-dhabi,1,21.692,pirelli,2023
aston-martin,fernando-alonso,14,mercedes,12,3,22-abu-dhabi,1,22.462,pirelli,2023
mclaren,oscar-piastri,81,mercedes,13,4,22-abu-dhabi,1,21.697,pirelli,2023
haas,nico-hulkenberg,27,ferrari,13,5,22-abu-dhabi,1,21.861,pirelli,2023
alfa-romeo,guanyu-zhou,24,ferrari,13,6,22-abu-dhabi,1,22.867,pirelli,2023
mclaren,lando-norris,4,mercedes,14,7,22-abu-dhabi,1,24.061,pirelli,2023
mercedes,george-russell,63,mercedes,14,8,22-abu-dhabi,1,21.650,pirelli,2023
mercedes,lewis-hamilton,44,mercedes,15,9,22-abu-dhabi,1,22.195,pirelli,2023
alpine,esteban-ocon,31,renault,15,10,22-abu-dhabi,1,22.160,pirelli,2023
williams,logan-sargeant,2,mercedes,15,11,22-abu-dhabi,1,22.124,pirelli,2023
red-bull,max-verstappen,1,honda-rbpt,16,12,22-abu-dhabi,1,21.662,pirelli,2023
williams,alexander-albon,23,mercedes,16,13,22-abu-dhabi,1,22.170,pirelli,2023
ferrari,charles-leclerc,16,ferrari,17,14,22-abu-dhabi,1,21.919,pirelli,2023
red-bull,sergio-perez,11,honda-rbpt,17,15,22-abu-dhabi,1,21.446,pirelli,2023
alpine,pierre-gasly,10,renault,17,16,22-abu-dhabi,1,23.091,pirelli,2023
alphatauri,yuki-tsunoda,22,honda-rbpt,22,17,22-abu-dhabi,1,21.486,pirelli,2023
aston-martin,lance-stroll,18,mercedes,22,18,22-abu-dhabi,1,21.866,pirelli,2023
haas,kevin-magnussen,20,ferrari,22,19,22-abu-dhabi,2,22.163,pirelli,2023
ferrari,carlos-sainz-jr,55,ferrari,23,20,22-abu-dhabi,1,21.229,pirelli,2023
alfa-romeo,valtteri-bottas,77,ferrari,29,21,22-abu-dhabi,1,22.665,pirelli,2023
alphatauri,daniel-ricciardo,3,honda-rbpt,31,22,22-abu-dhabi,2,21.740,pirelli,2023
alpine,pierre-gasly,10,renault,32,23,22-abu-dhabi,2,23.478,pirelli,2023
mclaren,lando-norris,4,mercedes,33,24,22-abu-dhabi,2,21.432,pirelli,2023
haas,nico-hulkenberg,27,ferrari,33,25,22-abu-dhabi,2,22.081,pirelli,2023
mercedes,george-russell,63,mercedes,34,26,22-abu-dhabi,2,22.084,pirelli,2023
ferrari,charles-leclerc,16,ferrari,35,27,22-abu-dhabi,2,21.246,pirelli,2023
mercedes,lewis-hamilton,44,mercedes,35,28,22-abu-dhabi,2,22.045,pirelli,2023
mclaren,oscar-piastri,81,mercedes,36,29,22-abu-dhabi,2,21.156,pirelli,2023
aston-martin,fernando-alonso,14,mercedes,36,30,22-abu-dhabi,2,21.841,pirelli,2023
alfa-romeo,guanyu-zhou,24,ferrari,37,31,22-abu-dhabi,2,22.345,pirelli,2023
williams,logan-sargeant,2,mercedes,41,32,22-abu-dhabi,2,21.880,pirelli,2023
red-bull,sergio-perez,11,honda-rbpt,42,33,22-abu-dhabi,2,21.274,pirelli,2023
aston-martin,lance-stroll,18,mercedes,42,34,22-abu-dhabi,2,21.667,pirelli,2023
red-bull,max-verstappen,1,honda-rbpt,43,35,22-abu-dhabi,2,21.275,pirelli,2023
williams,alexander-albon,23,mercedes,43,36,22-abu-dhabi,2,21.919,pirelli,2023
ferrari,carlos-sainz-jr,55,ferrari,56,37,22-abu-dhabi,2,21.564,pirelli,2023
