constructorId,driverId,driverNumber,engineManufacturerId,gap,interval,laps,position,q1,q2,q3,race,tyreManufacturerId,year
red-bull,max-verstappen,1,honda-rbpt,,,17,1,1:30.031,1:29.374,1:29.179,01-bahrain,pirelli,2024
ferrari,charles-leclerc,16,ferrari,+0.228,+0.228,19,2,1:30.243,1:29.165,1:29.407,01-bahrain,pirelli,2024
mercedes,george-russell,63,mercedes,+0.306,+0.078,17,3,1:30.350,1:29.922,1:29.485,01-bahrain,pirelli,2024
ferrari,carlos-sainz-jr,55,ferrari,+0.328,+0.022,18,4,1:29.909,1:29.573,1:29.507,01-bahrain,pirelli,2024
red-bull,sergio-perez,11,honda-rbpt,+0.358,+0.030,17,5,1:30.221,1:29.932,1:29.537,01-bahrain,pirelli,2024
aston-martin,fernando-alonso,14,mercedes,+0.363,+0.005,14,6,1:30.179,1:29.801,1:29.542,01-bahrain,pirelli,2024
mclaren,lando-norris,4,mercedes,+0.435,+0.072,15,7,1:30.143,1:29.941,1:29.614,01-bahrain,pirelli,2024
mclaren,oscar-piastri,81,mercedes,+0.504,+0.069,18,8,1:30.531,1:30.122,1:29.683,01-bahrain,pirelli,2024
mercedes,lewis-hamilton,44,mercedes,+0.531,+0.027,18,9,1:30.451,1:29.718,1:29.710,01-bahrain,pirelli,2024
haas,nico-hulkenberg,27,ferrari,+1.323,+0.792,18,10,1:30.566,1:29.851,1:30.502,01-bahrain,pirelli,2024
rb,yuki-tsunoda,22,honda-rbpt,,,12,11,1:30.481,1:30.129,,01-bahrain,pirelli,2024
aston-martin,lance-stroll,18,mercedes,,,12,12,1:29.965,1:30.200,,01-bahrain,pirelli,2024
williams,alexander-albon,23,mercedes,,,12,13,1:30.397,1:30.221,,01-bahrain,pirelli,2024
rb,daniel-ricciardo,3,honda-rbpt,,,12,14,1:30.562,1:30.278,,01-bahrain,pirelli,2024
haas,kevin-magnussen,20,ferrari,,,12,15,1:30.646,1:30.529,,01-bahrain,pirelli,2024
kick-sauber,valtteri-bottas,77,ferrari,,,6,16,1:30.756,,,01-bahrain,pirelli,2024
kick-sauber,guanyu-zhou,24,ferrari,,,6,17,1:30.757,,,01-bahrain,pirelli,2024
williams,logan-sargeant,2,mercedes,,,6,18,1:30.770,,,01-bahrain,pirelli,2024
alpine,esteban-ocon,31,renault,,,9,19,1:30.793,,,01-bahrain,pirelli,2024
alpine,pierre-gasly,10,renault,,,9,20,1:30.948,,,01-bahrain,pirelli,2024
red-bull,max-verstappen,1,honda-rbpt,,,18,1,1:28.171,1:28.033,1:27.472,02-saudi-arabia,pirelli,2024
ferrari,charles-leclerc,16,ferrari,+0.319,+0.319,23,2,1:28.318,1:28.112,1:27.791,02-saudi-arabia,pirelli,2024
red-bull,sergio-perez,11,honda-rbpt,+0.335,+0.016,19,3,1:28.638,1:28.467,1:27.807,02-saudi-arabia,pirelli,2024
aston-martin,fernando-alonso,14,mercedes,+0.374,+0.039,17,4,1:28.706,1:28.122,1:27.846,02-saudi-arabia,pirelli,2024
mclaren,oscar-piastri,81,mercedes,+0.617,+0.243,22,5,1:28.755,1:28.343,1:28.089,02-saudi-arabia,pirelli,2024
mclaren,lando-norris,4,mercedes,+0.660,+0.043,22,6,1:28.805,1:28.479,1:28.132,02-saudi-arabia,pirelli,2024
mercedes,george-russell,63,mercedes,+0.844,+0.184,22,7,1:28.749,1:28.448,1:28.316,02-saudi-arabia,pirelli,2024
mercedes,lewis-hamilton,44,mercedes,+0.988,+0.144,24,8,1:28.994,1:28.606,1:28.460,02-saudi-arabia,pirelli,2024
rb,yuki-tsunoda,22,honda-rbpt,+1.075,+0.087,18,9,1:28.988,1:28.564,1:28.547,02-saudi-arabia,pirelli,2024
aston-martin,lance-stroll,18,mercedes,+1.100,+0.025,19,10,1:28.250,1:28.578,1:28.572,02-saudi-arabia,pirelli,2024
ferrari,oliver-bearman,38,ferrari,,,18,11,1:28.984,1:28.642,,02-saudi-arabia,pirelli,2024
williams,alexander-albon,23,mercedes,,,16,12,1:29.107,1:28.980,,02-saudi-arabia,pirelli,2024
haas,kevin-magnussen,20,ferrari,,,17,13,1:29.069,1:29.020,,02-saudi-arabia,pirelli,2024
rb,daniel-ricciardo,3,honda-rbpt,,,12,14,1:29.065,1:29.025,,02-saudi-arabia,pirelli,2024
haas,nico-hulkenberg,27,ferrari,,,10,15,1:29.055,,,02-saudi-arabia,pirelli,2024
kick-sauber,valtteri-bottas,77,ferrari,,,9,16,1:29.179,,,02-saudi-arabia,pirelli,2024
alpine,esteban-ocon,31,renault,,,10,17,1:29.475,,,02-saudi-arabia,pirelli,2024
alpine,pierre-gasly,10,renault,,,9,18,1:29.479,,,02-saudi-arabia,pirelli,2024
williams,logan-sargeant,2,mercedes,,,9,19,1:29.526,,,02-saudi-arabia,pirelli,2024
kick-sauber,guanyu-zhou,24,ferrari,,,2,NC,,,,02-saudi-arabia,pirelli,2024
red-bull,max-verstappen,1,honda-rbpt,,,21,1,1:16.819,1:16.387,1:15.915,03-australia,pirelli,2024
ferrari,carlos-sainz-jr,55,ferrari,+0.270,+0.270,18,2,1:16.731,1:16.189,1:16.185,03-australia,pirelli,2024
red-bull,sergio-perez,11,honda-rbpt,+0.359,+0.089,22,3,1:16.805,1:16.631,1:16.274,03-australia,pirelli,2024
mclaren,lando-norris,4,mercedes,+0.400,+0.041,19,4,1:17.430,1:16.750,1:16.315,03-australia,pirelli,2024
ferrari,charles-leclerc,16,ferrari,+0.520,+0.120,20,5,1:16.984,1:16.304,1:16.435,03-australia,pirelli,2024
mclaren,oscar-piastri,81,mercedes,+0.657,+0.137,18,6,1:17.369,1:16.601,1:16.572,03-australia,pirelli,2024
mercedes,george-russell,63,mercedes,+0.809,+0.152,23,7,1:17.062,1:16.901,1:16.724,03-australia,pirelli,2024
rb,yuki-tsunoda,22,honda-rbpt,+0.873,+0.064,18,8,1:17.356,1:16.791,1:16.788,03-australia,pirelli,2024
aston-martin,lance-stroll,18,mercedes,+1.157,+0.284,23,9,1:17.376,1:16.780,1:17.072,03-australia,pirelli,2024
aston-martin,fernando-alonso,14,mercedes,+1.637,+0.480,21,10,1:16.991,1:16.710,1:17.552,03-australia,pirelli,2024
mercedes,lewis-hamilton,44,mercedes,,,15,11,1:17.499,1:16.960,,03-australia,pirelli,2024
williams,alexander-albon,23,mercedes,,,15,12,1:17.130,1:17.167,,03-australia,pirelli,2024
kick-sauber,valtteri-bottas,77,ferrari,,,15,13,1:17.543,1:17.340,,03-australia,pirelli,2024
haas,kevin-magnussen,20,ferrari,,,13,14,1:17.709,1:17.427,,03-australia,pirelli,2024
alpine,esteban-ocon,31,renault,,,21,15,1:17.617,1:17.697,,03-australia,pirelli,2024
haas,nico-hulkenberg,27,ferrari,,,8,16,1:17.976,,,03-australia,pirelli,2024
alpine,pierre-gasly,10,renault,,,11,17,1:17.982,,,03-australia,pirelli,2024
rb,daniel-ricciardo,3,honda-rbpt,,,6,18,1:18.085,,,03-australia,pirelli,2024
kick-sauber,guanyu-zhou,24,ferrari,,,9,19,1:18.188,,,03-australia,pirelli,2024
red-bull,max-verstappen,1,honda-rbpt,,,12,1,1:28.866,1:28.740,1:28.197,04-japan,pirelli,2024
red-bull,sergio-perez,11,honda-rbpt,+0.066,+0.066,12,2,1:29.303,1:28.752,1:28.263,04-japan,pirelli,2024
mclaren,lando-norris,4,mercedes,+0.292,+0.226,13,3,1:29.536,1:28.940,1:28.489,04-japan,pirelli,2024
ferrari,carlos-sainz-jr,55,ferrari,+0.485,+0.193,12,4,1:29.513,1:29.099,1:28.682,04-japan,pirelli,2024
aston-martin,fernando-alonso,14,mercedes,+0.489,+0.004,12,5,1:29.254,1:29.082,1:28.686,04-japan,pirelli,2024
mclaren,oscar-piastri,81,mercedes,+0.563,+0.074,12,6,1:29.425,1:29.148,1:28.760,04-japan,pirelli,2024
mercedes,lewis-hamilton,44,mercedes,+0.569,+0.006,15,7,1:29.661,1:28.887,1:28.766,04-japan,pirelli,2024
ferrari,charles-leclerc,16,ferrari,+0.589,+0.020,12,8,1:29.338,1:29.196,1:28.786,04-japan,pirelli,2024
mercedes,george-russell,63,mercedes,+0.811,+0.222,15,9,1:29.799,1:29.140,1:29.008,04-japan,pirelli,2024
rb,yuki-tsunoda,22,honda-rbpt,+1.216,+0.405,18,10,1:29.775,1:29.417,1:29.413,04-japan,pirelli,2024
rb,daniel-ricciardo,3,honda-rbpt,,,12,11,1:29.727,1:29.472,,04-japan,pirelli,2024
haas,nico-hulkenberg,27,ferrari,,,12,12,1:29.821,1:29.494,,04-japan,pirelli,2024
kick-sauber,valtteri-bottas,77,ferrari,,,12,13,1:29.602,1:29.593,,04-japan,pirelli,2024
williams,alexander-albon,23,mercedes,,,9,14,1:29.963,1:29.714,,04-japan,pirelli,2024
alpine,esteban-ocon,31,renault,,,12,15,1:29.811,1:29.816,,04-japan,pirelli,2024
aston-martin,lance-stroll,18,mercedes,,,6,16,1:30.024,,,04-japan,pirelli,2024
alpine,pierre-gasly,10,renault,,,6,17,1:30.119,,,04-japan,pirelli,2024
haas,kevin-magnussen,20,ferrari,,,9,18,1:30.131,,,04-japan,pirelli,2024
williams,logan-sargeant,2,mercedes,,,6,19,1:30.139,,,04-japan,pirelli,2024
kick-sauber,guanyu-zhou,24,ferrari,,,6,20,1:30.143,,,04-japan,pirelli,2024
red-bull,max-verstappen,1,honda-rbpt,,,18,1,1:34.742,1:33.794,1:33.660,05-china,pirelli,2024
red-bull,sergio-perez,11,honda-rbpt,+0.322,+0.322,19,2,1:35.457,1:34.026,1:33.982,05-china,pirelli,2024
aston-martin,fernando-alonso,14,mercedes,+0.488,+0.166,15,3,1:35.116,1:34.652,1:34.148,05-china,pirelli,2024
mclaren,lando-norris,4,mercedes,+0.505,+0.017,15,4,1:34.842,1:34.460,1:34.165,05-china,pirelli,2024
mclaren,oscar-piastri,81,mercedes,+0.613,+0.108,16,5,1:35.014,1:34.659,1:34.273,05-china,pirelli,2024
ferrari,charles-leclerc,16,ferrari,+0.629,+0.016,20,6,1:34.797,1:34.399,1:34.289,05-china,pirelli,2024
ferrari,carlos-sainz-jr,55,ferrari,+0.637,+0.008,17,7,1:34.970,1:34.368,1:34.297,05-china,pirelli,2024
mercedes,george-russell,63,mercedes,+0.773,+0.136,20,8,1:35.084,1:34.609,1:34.433,05-china,pirelli,2024
haas,nico-hulkenberg,27,ferrari,+0.944,+0.171,21,9,1:35.068,1:34.667,1:34.604,05-china,pirelli,2024
kick-sauber,valtteri-bottas,77,ferrari,+1.005,+0.061,15,10,1:35.169,1:34.769,1:34.665,05-china,pirelli,2024
aston-martin,lance-stroll,18,mercedes,,,12,11,1:35.334,1:34.838,,05-china,pirelli,2024
rb,daniel-ricciardo,3,honda-rbpt,,,12,12,1:35.443,1:34.934,,05-china,pirelli,2024
alpine,esteban-ocon,31,renault,,,15,13,1:35.356,1:35.223,,05-china,pirelli,2024
williams,alexander-albon,23,mercedes,,,14,14,1:35.384,1:35.241,,05-china,pirelli,2024
alpine,pierre-gasly,10,renault,,,15,15,1:35.287,1:35.463,,05-china,pirelli,2024
kick-sauber,guanyu-zhou,24,ferrari,,,8,16,1:35.505,,,05-china,pirelli,2024
haas,kevin-magnussen,20,ferrari,,,6,17,1:35.516,,,05-china,pirelli,2024
mercedes,lewis-hamilton,44,mercedes,,,6,18,1:35.573,,,05-china,pirelli,2024
rb,yuki-tsunoda,22,honda-rbpt,,,9,19,1:35.746,,,05-china,pirelli,2024
williams,logan-sargeant,2,mercedes,,,7,20,1:36.358,,,05-china,pirelli,2024
red-bull,max-verstappen,1,honda-rbpt,,,18,1,1:27.689,1:27.566,1:27.241,06-miami,pirelli,2024
ferrari,charles-leclerc,16,ferrari,+0.141,+0.141,21,2,1:28.081,1:27.533,1:27.382,06-miami,pirelli,2024
ferrari,carlos-sainz-jr,55,ferrari,+0.214,+0.073,21,3,1:27.937,1:27.941,1:27.455,06-miami,pirelli,2024
red-bull,sergio-perez,11,honda-rbpt,+0.219,+0.005,18,4,1:27.772,1:27.839,1:27.460,06-miami,pirelli,2024
mclaren,lando-norris,4,mercedes,+0.353,+0.134,21,5,1:27.913,1:27.871,1:27.594,06-miami,pirelli,2024
mclaren,oscar-piastri,81,mercedes,+0.434,+0.081,19,6,1:28.032,1:27.721,1:27.675,06-miami,pirelli,2024
mercedes,george-russell,63,mercedes,+0.826,+0.392,21,7,1:28.159,1:28.095,1:28.067,06-miami,pirelli,2024
mercedes,lewis-hamilton,44,mercedes,+0.866,+0.040,21,8,1:28.167,1:27.697,1:28.107,06-miami,pirelli,2024
haas,nico-hulkenberg,27,ferrari,+0.905,+0.039,21,9,1:28.383,1:28.200,1:28.146,06-miami,pirelli,2024
rb,yuki-tsunoda,22,honda-rbpt,+0.951,+0.046,21,10,1:28.324,1:28.167,1:28.192,06-miami,pirelli,2024
aston-martin,lance-stroll,18,mercedes,,,15,11,1:28.177,1:28.222,,06-miami,pirelli,2024
alpine,pierre-gasly,10,renault,,,15,12,1:27.976,1:28.324,,06-miami,pirelli,2024
alpine,esteban-ocon,31,renault,,,15,13,1:28.209,1:28.371,,06-miami,pirelli,2024
williams,alexander-albon,23,mercedes,,,15,14,1:28.343,1:28.413,,06-miami,pirelli,2024
aston-martin,fernando-alonso,14,mercedes,,,15,15,1:28.453,1:28.427,,06-miami,pirelli,2024
kick-sauber,valtteri-bottas,77,ferrari,,,6,16,1:28.463,,,06-miami,pirelli,2024
williams,logan-sargeant,2,mercedes,,,8,17,1:28.487,,,06-miami,pirelli,2024
rb,daniel-ricciardo,3,honda-rbpt,,,9,18,1:28.617,,,06-miami,pirelli,2024
haas,kevin-magnussen,20,ferrari,,,9,19,1:28.619,,,06-miami,pirelli,2024
kick-sauber,guanyu-zhou,24,ferrari,,,9,20,1:28.824,,,06-miami,pirelli,2024
red-bull,max-verstappen,1,honda-rbpt,,,18,1,1:15.762,1:15.176,1:14.746,07-emilia-romagna,pirelli,2024
mclaren,oscar-piastri,81,mercedes,+0.074,+0.074,15,2,1:15.940,1:15.407,1:14.820,07-emilia-romagna,pirelli,2024
mclaren,lando-norris,4,mercedes,+0.091,+0.017,19,3,1:15.915,1:15.371,1:14.837,07-emilia-romagna,pirelli,2024
ferrari,charles-leclerc,16,ferrari,+0.224,+0.133,21,4,1:15.823,1:15.328,1:14.970,07-emilia-romagna,pirelli,2024
ferrari,carlos-sainz-jr,55,ferrari,+0.487,+0.263,20,5,1:16.015,1:15.512,1:15.233,07-emilia-romagna,pirelli,2024
mercedes,george-russell,63,mercedes,+0.488,+0.001,18,6,1:16.107,1:15.671,1:15.234,07-emilia-romagna,pirelli,2024
rb,yuki-tsunoda,22,honda-rbpt,+0.719,+0.231,15,7,1:15.894,1:15.358,1:15.465,07-emilia-romagna,pirelli,2024
mercedes,lewis-hamilton,44,mercedes,+0.758,+0.039,20,8,1:16.604,1:15.677,1:15.504,07-emilia-romagna,pirelli,2024
rb,daniel-ricciardo,3,honda-rbpt,+0.928,+0.170,15,9,1:16.060,1:15.691,1:15.674,07-emilia-romagna,pirelli,2024
haas,nico-hulkenberg,27,ferrari,+1.234,+0.306,21,10,1:15.841,1:15.569,1:15.980,07-emilia-romagna,pirelli,2024
red-bull,sergio-perez,11,honda-rbpt,,,10,11,1:16.404,1:15.706,,07-emilia-romagna,pirelli,2024
alpine,esteban-ocon,31,renault,,,15,12,1:16.361,1:15.906,,07-emilia-romagna,pirelli,2024
aston-martin,lance-stroll,18,mercedes,,,15,13,1:16.458,1:15.992,,07-emilia-romagna,pirelli,2024
williams,alexander-albon,23,mercedes,,,12,14,1:16.524,1:16.200,,07-emilia-romagna,pirelli,2024
alpine,pierre-gasly,10,renault,,,14,15,1:16.015,1:16.381,,07-emilia-romagna,pirelli,2024
kick-sauber,valtteri-bottas,77,ferrari,,,6,16,1:16.626,,,07-emilia-romagna,pirelli,2024
kick-sauber,guanyu-zhou,24,ferrari,,,9,17,1:16.834,,,07-emilia-romagna,pirelli,2024
haas,kevin-magnussen,20,ferrari,,,8,18,1:16.854,,,07-emilia-romagna,pirelli,2024
aston-martin,fernando-alonso,14,mercedes,,,7,19,1:16.917,,,07-emilia-romagna,pirelli,2024
williams,logan-sargeant,2,mercedes,,,8,NC,,,,07-emilia-romagna,pirelli,2024
ferrari,charles-leclerc,16,ferrari,,,26,1,1:11.584,1:10.825,1:10.270,08-monaco,pirelli,2024
mclaren,oscar-piastri,81,mercedes,+0.154,+0.154,24,2,1:11.500,1:10.756,1:10.424,08-monaco,pirelli,2024
ferrari,carlos-sainz-jr,55,ferrari,+0.248,+0.094,28,3,1:11.543,1:11.075,1:10.518,08-monaco,pirelli,2024
mclaren,lando-norris,4,mercedes,+0.272,+0.024,27,4,1:11.760,1:10.732,1:10.542,08-monaco,pirelli,2024
mercedes,george-russell,63,mercedes,+0.273,+0.001,28,5,1:11.492,1:10.929,1:10.543,08-monaco,pirelli,2024
red-bull,max-verstappen,1,honda-rbpt,+0.297,+0.024,28,6,1:11.711,1:10.745,1:10.567,08-monaco,pirelli,2024
mercedes,lewis-hamilton,44,mercedes,+0.351,+0.054,28,7,1:11.528,1:11.056,1:10.621,08-monaco,pirelli,2024
rb,yuki-tsunoda,22,honda-rbpt,+0.588,+0.237,25,8,1:11.852,1:11.106,1:10.858,08-monaco,pirelli,2024
williams,alexander-albon,23,mercedes,+0.678,+0.090,29,9,1:11.623,1:11.216,1:10.948,08-monaco,pirelli,2024
alpine,pierre-gasly,10,renault,+1.041,+0.363,30,10,1:11.714,1:10.896,1:11.311,08-monaco,pirelli,2024
alpine,esteban-ocon,31,renault,,,20,11,1:11.887,1:11.285,,08-monaco,pirelli,2024
rb,daniel-ricciardo,3,honda-rbpt,,,21,12,1:11.785,1:11.482,,08-monaco,pirelli,2024
aston-martin,lance-stroll,18,mercedes,,,17,13,1:11.728,1:11.563,,08-monaco,pirelli,2024
aston-martin,fernando-alonso,14,mercedes,,,11,14,1:12.019,,,08-monaco,pirelli,2024
williams,logan-sargeant,2,mercedes,,,12,15,1:12.020,,,08-monaco,pirelli,2024
red-bull,sergio-perez,11,honda-rbpt,,,12,16,1:12.060,,,08-monaco,pirelli,2024
kick-sauber,valtteri-bottas,77,ferrari,,,11,17,1:12.512,,,08-monaco,pirelli,2024
kick-sauber,guanyu-zhou,24,ferrari,,,11,18,1:13.028,,,08-monaco,pirelli,2024
haas,nico-hulkenberg,27,ferrari,,,20,DSQ,1:11.876,1:11.440,,08-monaco,pirelli,2024
haas,kevin-magnussen,20,ferrari,,,18,DSQ,1:11.832,1:11.725,,08-monaco,pirelli,2024
mercedes,george-russell,63,mercedes,,,26,1,1:13.013,1:11.742,1:12.000,09-canada,pirelli,2024
red-bull,max-verstappen,1,honda-rbpt,+0.000,+0.000,27,2,1:12.360,1:12.549,1:12.000,09-canada,pirelli,2024
mclaren,lando-norris,4,mercedes,+0.021,+0.021,25,3,1:12.959,1:12.201,1:12.021,09-canada,pirelli,2024
mclaren,oscar-piastri,81,mercedes,+0.103,+0.082,29,4,1:12.907,1:12.462,1:12.103,09-canada,pirelli,2024
rb,daniel-ricciardo,3,honda-rbpt,+0.178,+0.075,25,5,1:13.240,1:12.572,1:12.178,09-canada,pirelli,2024
aston-martin,fernando-alonso,14,mercedes,+0.228,+0.050,23,6,1:13.117,1:12.635,1:12.228,09-canada,pirelli,2024
mercedes,lewis-hamilton,44,mercedes,+0.280,+0.052,26,7,1:12.851,1:11.979,1:12.280,09-canada,pirelli,2024
rb,yuki-tsunoda,22,honda-rbpt,+0.414,+0.134,24,8,1:12.748,1:12.303,1:12.414,09-canada,pirelli,2024
aston-martin,lance-stroll,18,mercedes,+0.701,+0.287,25,9,1:13.088,1:12.659,1:12.701,09-canada,pirelli,2024
williams,alexander-albon,23,mercedes,+0.796,+0.095,26,10,1:12.896,1:12.485,1:12.796,09-canada,pirelli,2024
ferrari,charles-leclerc,16,ferrari,,,21,11,1:13.107,1:12.691,,09-canada,pirelli,2024
ferrari,carlos-sainz-jr,55,ferrari,,,22,12,1:13.038,1:12.728,,09-canada,pirelli,2024
williams,logan-sargeant,2,mercedes,,,22,13,1:13.063,1:12.736,,09-canada,pirelli,2024
haas,kevin-magnussen,20,ferrari,,,16,14,1:13.217,1:12.916,,09-canada,pirelli,2024
alpine,pierre-gasly,10,renault,,,18,15,1:13.289,1:12.940,,09-canada,pirelli,2024
red-bull,sergio-perez,11,honda-rbpt,,,11,16,1:13.326,,,09-canada,pirelli,2024
kick-sauber,valtteri-bottas,77,ferrari,,,10,17,1:13.366,,,09-canada,pirelli,2024
alpine,esteban-ocon,31,renault,,,11,18,1:13.435,,,09-canada,pirelli,2024
haas,nico-hulkenberg,27,ferrari,,,10,19,1:13.978,,,09-canada,pirelli,2024
kick-sauber,guanyu-zhou,24,ferrari,,,11,20,1:14.292,,,09-canada,pirelli,2024
mclaren,lando-norris,4,mercedes,,,12,1,1:12.386,1:11.872,1:11.383,10-spain,pirelli,2024
red-bull,max-verstappen,1,honda-rbpt,+0.020,+0.020,12,2,1:12.306,1:11.653,1:11.403,10-spain,pirelli,2024
mercedes,lewis-hamilton,44,mercedes,+0.318,+0.298,18,3,1:12.143,1:11.792,1:11.701,10-spain,pirelli,2024
mercedes,george-russell,63,mercedes,+0.320,+0.002,16,4,1:12.456,1:11.812,1:11.703,10-spain,pirelli,2024
ferrari,charles-leclerc,16,ferrari,+0.348,+0.028,12,5,1:12.257,1:12.038,1:11.731,10-spain,pirelli,2024
ferrari,carlos-sainz-jr,55,ferrari,+0.353,+0.005,12,6,1:12.403,1:11.874,1:11.736,10-spain,pirelli,2024
alpine,pierre-gasly,10,renault,+0.474,+0.121,18,7,1:12.651,1:12.079,1:11.857,10-spain,pirelli,2024
red-bull,sergio-perez,11,honda-rbpt,+0.678,+0.204,18,8,1:12.477,1:12.054,1:12.061,10-spain,pirelli,2024
alpine,esteban-ocon,31,renault,+0.742,+0.064,18,9,1:12.691,1:12.109,1:12.125,10-spain,pirelli,2024
mclaren,oscar-piastri,81,mercedes,,,16,10,1:12.460,1:12.011,,10-spain,pirelli,2024
aston-martin,fernando-alonso,14,mercedes,,,12,11,1:12.505,1:12.128,,10-spain,pirelli,2024
kick-sauber,valtteri-bottas,77,ferrari,,,12,12,1:12.758,1:12.227,,10-spain,pirelli,2024
haas,nico-hulkenberg,27,ferrari,,,12,13,1:12.708,1:12.310,,10-spain,pirelli,2024
aston-martin,lance-stroll,18,mercedes,,,15,14,1:12.881,1:12.372,,10-spain,pirelli,2024
kick-sauber,guanyu-zhou,24,ferrari,,,15,15,1:12.880,1:12.738,,10-spain,pirelli,2024
haas,kevin-magnussen,20,ferrari,,,6,16,1:12.937,,,10-spain,pirelli,2024
rb,yuki-tsunoda,22,honda-rbpt,,,9,17,1:12.985,,,10-spain,pirelli,2024
rb,daniel-ricciardo,3,honda-rbpt,,,9,18,1:13.075,,,10-spain,pirelli,2024
williams,alexander-albon,23,mercedes,,,6,19,1:13.153,,,10-spain,pirelli,2024
williams,logan-sargeant,2,mercedes,,,9,20,1:13.509,,,10-spain,pirelli,2024
red-bull,max-verstappen,1,honda-rbpt,,,18,1,1:05.336,1:04.469,1:04.314,11-austria,pirelli,2024
mclaren,lando-norris,4,mercedes,+0.404,+0.404,20,2,1:05.450,1:05.103,1:04.718,11-austria,pirelli,2024
mercedes,george-russell,63,mercedes,+0.526,+0.122,18,3,1:05.585,1:05.016,1:04.840,11-austria,pirelli,2024
ferrari,carlos-sainz-jr,55,ferrari,+0.537,+0.011,18,4,1:05.263,1:05.016,1:04.851,11-austria,pirelli,2024
mercedes,lewis-hamilton,44,mercedes,+0.589,+0.052,18,5,1:05.541,1:05.053,1:04.903,11-austria,pirelli,2024
ferrari,charles-leclerc,16,ferrari,+0.730,+0.141,22,6,1:05.509,1:05.104,1:05.044,11-austria,pirelli,2024
mclaren,oscar-piastri,81,mercedes,+0.734,+0.004,17,7,1:05.311,1:05.070,1:05.048,11-austria,pirelli,2024
red-bull,sergio-perez,11,honda-rbpt,+0.888,+0.154,21,8,1:05.587,1:05.144,1:05.202,11-austria,pirelli,2024
haas,nico-hulkenberg,27,ferrari,+1.071,+0.183,21,9,1:05.596,1:05.262,1:05.385,11-austria,pirelli,2024
alpine,esteban-ocon,31,renault,+1.569,+0.498,24,10,1:05.574,1:05.274,1:05.883,11-austria,pirelli,2024
rb,daniel-ricciardo,3,honda-rbpt,,,15,11,1:05.569,1:05.289,,11-austria,pirelli,2024
haas,kevin-magnussen,20,ferrari,,,15,12,1:05.508,1:05.347,,11-austria,pirelli,2024
alpine,pierre-gasly,10,renault,,,18,13,1:05.598,1:05.359,,11-austria,pirelli,2024
rb,yuki-tsunoda,22,honda-rbpt,,,15,14,1:05.563,1:05.412,,11-austria,pirelli,2024
aston-martin,fernando-alonso,14,mercedes,,,15,15,1:05.656,1:05.639,,11-austria,pirelli,2024
williams,alexander-albon,23,mercedes,,,9,16,1:05.736,,,11-austria,pirelli,2024
aston-martin,lance-stroll,18,mercedes,,,9,17,1:05.819,,,11-austria,pirelli,2024
kick-sauber,valtteri-bottas,77,ferrari,,,9,18,1:05.847,,,11-austria,pirelli,2024
williams,logan-sargeant,2,mercedes,,,9,19,1:05.856,,,11-austria,pirelli,2024
kick-sauber,guanyu-zhou,24,ferrari,,,9,20,1:06.061,,,11-austria,pirelli,2024
mercedes,george-russell,63,mercedes,,,26,1,1:30.106,1:26.723,1:25.819,12-great-britain,pirelli,2024
mercedes,lewis-hamilton,44,mercedes,+0.171,+0.171,25,2,1:29.547,1:26.770,1:25.990,12-great-britain,pirelli,2024
mclaren,lando-norris,4,mercedes,+0.211,+0.040,22,3,1:31.596,1:26.559,1:26.030,12-great-britain,pirelli,2024
red-bull,max-verstappen,1,honda-rbpt,+0.384,+0.173,24,4,1:31.342,1:26.796,1:26.203,12-great-britain,pirelli,2024
mclaren,oscar-piastri,81,mercedes,+0.418,+0.034,24,5,1:30.895,1:26.733,1:26.237,12-great-britain,pirelli,2024
haas,nico-hulkenberg,27,ferrari,+0.519,+0.101,17,6,1:31.929,1:26.847,1:26.338,12-great-britain,pirelli,2024
ferrari,carlos-sainz-jr,55,ferrari,+0.690,+0.171,24,7,1:30.557,1:26.843,1:26.509,12-great-britain,pirelli,2024
aston-martin,lance-stroll,18,mercedes,+0.766,+0.076,24,8,1:31.410,1:26.938,1:26.585,12-great-britain,pirelli,2024
williams,alexander-albon,23,mercedes,+0.821,+0.055,23,9,1:31.135,1:26.933,1:26.640,12-great-britain,pirelli,2024
aston-martin,fernando-alonso,14,mercedes,+1.098,+0.277,24,10,1:31.264,1:26.730,1:26.917,12-great-britain,pirelli,2024
ferrari,charles-leclerc,16,ferrari,,,18,11,1:30.496,1:27.097,,12-great-britain,pirelli,2024
williams,logan-sargeant,2,mercedes,,,20,12,1:31.608,1:27.175,,12-great-britain,pirelli,2024
rb,yuki-tsunoda,22,honda-rbpt,,,17,13,1:30.994,1:27.269,,12-great-britain,pirelli,2024
kick-sauber,guanyu-zhou,24,ferrari,,,22,14,1:31.190,1:27.867,,12-great-britain,pirelli,2024
rb,daniel-ricciardo,3,honda-rbpt,,,18,15,1:31.291,1:27.949,,12-great-britain,pirelli,2024
kick-sauber,valtteri-bottas,77,ferrari,,,11,16,1:32.431,,,12-great-britain,pirelli,2024
haas,kevin-magnussen,20,ferrari,,,6,17,1:32.905,,,12-great-britain,pirelli,2024
alpine,esteban-ocon,31,renault,,,11,18,1:34.557,,,12-great-britain,pirelli,2024
red-bull,sergio-perez,11,honda-rbpt,,,5,19,1:38.348,,,12-great-britain,pirelli,2024
alpine,pierre-gasly,10,renault,,,7,20,1:39.804,,,12-great-britain,pirelli,2024
mclaren,lando-norris,4,mercedes,,,22,1,1:17.755,1:15.540,1:15.227,13-hungary,pirelli,2024
mclaren,oscar-piastri,81,mercedes,+0.022,+0.022,21,2,1:17.504,1:15.785,1:15.249,13-hungary,pirelli,2024
red-bull,max-verstappen,1,honda-rbpt,+0.046,+0.024,21,3,1:17.087,1:15.770,1:15.273,13-hungary,pirelli,2024
ferrari,carlos-sainz-jr,55,ferrari,+0.469,+0.423,26,4,1:17.244,1:15.885,1:15.696,13-hungary,pirelli,2024
mercedes,lewis-hamilton,44,mercedes,+0.627,+0.158,24,5,1:17.087,1:16.307,1:15.854,13-hungary,pirelli,2024
ferrari,charles-leclerc,16,ferrari,+0.678,+0.051,22,6,1:17.437,1:15.891,1:15.905,13-hungary,pirelli,2024
aston-martin,fernando-alonso,14,mercedes,+0.816,+0.138,18,7,1:17.624,1:16.117,1:16.043,13-hungary,pirelli,2024
aston-martin,lance-stroll,18,mercedes,+1.017,+0.201,22,8,1:17.405,1:16.075,1:16.244,13-hungary,pirelli,2024
rb,daniel-ricciardo,3,honda-rbpt,+1.220,+0.203,20,9,1:17.050,1:16.202,1:16.447,13-hungary,pirelli,2024
rb,yuki-tsunoda,22,honda-rbpt,+1.250,+0.030,20,10,1:17.436,1:16.121,1:16.477,13-hungary,pirelli,2024
haas,nico-hulkenberg,27,ferrari,,,16,11,1:17.362,1:16.317,,13-hungary,pirelli,2024
kick-sauber,valtteri-bottas,77,ferrari,,,19,12,1:17.487,1:16.384,,13-hungary,pirelli,2024
williams,alexander-albon,23,mercedes,,,16,13,1:17.280,1:16.429,,13-hungary,pirelli,2024
williams,logan-sargeant,2,mercedes,,,13,14,1:17.770,1:16.543,,13-hungary,pirelli,2024
haas,kevin-magnussen,20,ferrari,,,15,15,1:17.851,1:16.548,,13-hungary,pirelli,2024
red-bull,sergio-perez,11,honda-rbpt,,,6,16,1:17.886,,,13-hungary,pirelli,2024
mercedes,george-russell,63,mercedes,,,9,17,1:17.968,,,13-hungary,pirelli,2024
kick-sauber,guanyu-zhou,24,ferrari,,,12,18,1:18.037,,,13-hungary,pirelli,2024
alpine,esteban-ocon,31,renault,,,6,19,1:18.049,,,13-hungary,pirelli,2024
alpine,pierre-gasly,10,renault,,,6,20,1:18.166,,,13-hungary,pirelli,2024
red-bull,max-verstappen,1,honda-rbpt,,,21,1,1:54.938,1:53.837,1:53.159,14-belgium,pirelli,2024
ferrari,charles-leclerc,16,ferrari,+0.595,+0.595,22,2,1:55.349,1:54.193,1:53.754,14-belgium,pirelli,2024
red-bull,sergio-perez,11,honda-rbpt,+0.606,+0.011,21,3,1:55.139,1:54.470,1:53.765,14-belgium,pirelli,2024
mercedes,lewis-hamilton,44,mercedes,+0.676,+0.070,22,4,1:55.692,1:54.037,1:53.835,14-belgium,pirelli,2024
mclaren,lando-norris,4,mercedes,+0.822,+0.146,24,5,1:55.582,1:54.358,1:53.981,14-belgium,pirelli,2024
mclaren,oscar-piastri,81,mercedes,+0.868,+0.046,23,6,1:54.835,1:54.136,1:54.027,14-belgium,pirelli,2024
mercedes,george-russell,63,mercedes,+1.025,+0.157,22,7,1:55.353,1:54.095,1:54.184,14-belgium,pirelli,2024
ferrari,carlos-sainz-jr,55,ferrari,+1.318,+0.293,23,8,1:55.169,1:54.112,1:54.477,14-belgium,pirelli,2024
aston-martin,fernando-alonso,14,mercedes,+1.606,+0.288,23,9,1:55.489,1:54.258,1:54.765,14-belgium,pirelli,2024
alpine,esteban-ocon,31,renault,+1.651,+0.045,23,10,1:55.417,1:54.460,1:54.810,14-belgium,pirelli,2024
williams,alexander-albon,23,mercedes,,,16,11,1:55.722,1:54.473,,14-belgium,pirelli,2024
alpine,pierre-gasly,10,renault,,,17,12,1:54.911,1:54.635,,14-belgium,pirelli,2024
rb,daniel-ricciardo,3,honda-rbpt,,,14,13,1:55.451,1:54.682,,14-belgium,pirelli,2024
kick-sauber,valtteri-bottas,77,ferrari,,,17,14,1:55.531,1:54.764,,14-belgium,pirelli,2024
aston-martin,lance-stroll,18,mercedes,,,17,15,1:56.072,1:55.716,,14-belgium,pirelli,2024
haas,nico-hulkenberg,27,ferrari,,,9,16,1:56.308,,,14-belgium,pirelli,2024
haas,kevin-magnussen,20,ferrari,,,9,17,1:56.500,,,14-belgium,pirelli,2024
rb,yuki-tsunoda,22,honda-rbpt,,,8,18,1:56.593,,,14-belgium,pirelli,2024
williams,logan-sargeant,2,mercedes,,,8,19,1:57.230,,,14-belgium,pirelli,2024
kick-sauber,guanyu-zhou,24,ferrari,,,9,20,1:57.775,,,14-belgium,pirelli,2024
mclaren,lando-norris,4,mercedes,,,14,1,1:11.377,1:10.496,1:09.673,15-netherlands,pirelli,2024
red-bull,max-verstappen,1,honda-rbpt,+0.356,+0.356,14,2,1:11.393,1:10.811,1:10.029,15-netherlands,pirelli,2024
mclaren,oscar-piastri,81,mercedes,+0.499,+0.143,16,3,1:11.541,1:10.505,1:10.172,15-netherlands,pirelli,2024
mercedes,george-russell,63,mercedes,+0.571,+0.072,18,4,1:11.049,1:10.552,1:10.244,15-netherlands,pirelli,2024
red-bull,sergio-perez,11,honda-rbpt,+0.743,+0.172,17,5,1:11.006,1:10.678,1:10.416,15-netherlands,pirelli,2024
ferrari,charles-leclerc,16,ferrari,+0.909,+0.166,24,6,1:11.370,1:10.689,1:10.582,15-netherlands,pirelli,2024
aston-martin,fernando-alonso,14,mercedes,+0.960,+0.051,16,7,1:11.493,1:10.845,1:10.633,15-netherlands,pirelli,2024
aston-martin,lance-stroll,18,mercedes,+1.184,,19,8,1:11.518,1:10.661,1:10.857,15-netherlands,pirelli,2024
alpine,pierre-gasly,10,renault,+1.304,+0.120,20,9,1:11.718,1:10.815,1:10.977,15-netherlands,pirelli,2024
ferrari,carlos-sainz-jr,55,ferrari,,,18,10,1:11.327,1:10.914,,15-netherlands,pirelli,2024
mercedes,lewis-hamilton,44,mercedes,,,13,11,1:11.375,1:10.948,,15-netherlands,pirelli,2024
rb,yuki-tsunoda,22,honda-rbpt,,,15,12,1:11.603,1:10.955,,15-netherlands,pirelli,2024
haas,nico-hulkenberg,27,ferrari,,,17,13,1:11.832,1:11.215,,15-netherlands,pirelli,2024
haas,kevin-magnussen,20,ferrari,,,15,14,1:11.630,1:11.295,,15-netherlands,pirelli,2024
rb,daniel-ricciardo,3,honda-rbpt,,,9,15,1:11.943,,,15-netherlands,pirelli,2024
alpine,esteban-ocon,31,renault,,,9,16,1:11.995,,,15-netherlands,pirelli,2024
kick-sauber,valtteri-bottas,77,ferrari,,,9,17,1:12.168,,,15-netherlands,pirelli,2024
kick-sauber,guanyu-zhou,24,ferrari,,,9,18,1:13.261,,,15-netherlands,pirelli,2024
williams,alexander-albon,23,mercedes,,,0,DSQ,,,,15-netherlands,pirelli,2024
mclaren,lando-norris,4,mercedes,,,12,1,1:19.911,1:19.727,1:19.327,16-italy,pirelli,2024
mclaren,oscar-piastri,81,mercedes,+0.109,+0.109,19,2,1:20.076,1:19.808,1:19.436,16-italy,pirelli,2024
mercedes,george-russell,63,mercedes,+0.113,+0.004,18,3,1:20.169,1:19.877,1:19.440,16-italy,pirelli,2024
ferrari,charles-leclerc,16,ferrari,+0.134,+0.021,21,4,1:20.074,1:20.007,1:19.461,16-italy,pirelli,2024
ferrari,carlos-sainz-jr,55,ferrari,+0.140,+0.006,18,5,1:20.149,1:19.799,1:19.467,16-italy,pirelli,2024
mercedes,lewis-hamilton,44,mercedes,+0.186,+0.046,18,6,1:20.477,1:19.641,1:19.513,16-italy,pirelli,2024
red-bull,max-verstappen,1,honda-rbpt,+0.695,+0.509,18,7,1:20.226,1:19.662,1:20.022,16-italy,pirelli,2024
red-bull,sergio-perez,11,honda-rbpt,+0.735,+0.040,17,8,1:20.598,1:20.216,1:20.062,16-italy,pirelli,2024
williams,alexander-albon,23,mercedes,+0.972,+0.237,18,9,1:20.542,1:20.314,1:20.299,16-italy,pirelli,2024
haas,nico-hulkenberg,27,ferrari,+1.012,+0.040,18,10,1:20.781,1:20.411,1:20.339,16-italy,pirelli,2024
aston-martin,fernando-alonso,14,mercedes,,,11,11,1:20.617,1:20.421,,16-italy,pirelli,2024
rb,daniel-ricciardo,3,honda-rbpt,,,12,12,1:20.901,1:20.479,,16-italy,pirelli,2024
haas,kevin-magnussen,20,ferrari,,,11,13,1:20.856,1:20.698,,16-italy,pirelli,2024
alpine,pierre-gasly,10,renault,,,16,14,1:20.748,1:20.738,,16-italy,pirelli,2024
alpine,esteban-ocon,31,renault,,,16,15,1:20.764,1:20.766,,16-italy,pirelli,2024
rb,yuki-tsunoda,22,honda-rbpt,,,6,16,1:20.945,,,16-italy,pirelli,2024
aston-martin,lance-stroll,18,mercedes,,,6,17,1:21.013,,,16-italy,pirelli,2024
williams,franco-colapinto,43,mercedes,,,6,18,1:21.061,,,16-italy,pirelli,2024
kick-sauber,valtteri-bottas,77,ferrari,,,6,19,1:21.101,,,16-italy,pirelli,2024
kick-sauber,guanyu-zhou,24,ferrari,,,9,20,1:21.445,,,16-italy,pirelli,2024
ferrari,charles-leclerc,16,ferrari,,,20,1,1:42.775,1:42.056,1:41.365,17-azerbaijan,pirelli,2024
mclaren,oscar-piastri,81,mercedes,+0.321,+0.321,19,2,1:43.033,1:42.598,1:41.686,17-azerbaijan,pirelli,2024
ferrari,carlos-sainz-jr,55,ferrari,+0.440,+0.119,23,3,1:43.357,1:42.503,1:41.805,17-azerbaijan,pirelli,2024
red-bull,sergio-perez,11,honda-rbpt,+0.448,+0.008,15,4,1:43.213,1:42.263,1:41.813,17-azerbaijan,pirelli,2024
mercedes,george-russell,63,mercedes,+0.509,+0.061,20,5,1:43.139,1:42.329,1:41.874,17-azerbaijan,pirelli,2024
red-bull,max-verstappen,1,honda-rbpt,+0.658,+0.149,20,6,1:43.097,1:42.042,1:42.023,17-azerbaijan,pirelli,2024
mercedes,lewis-hamilton,44,mercedes,+0.924,+0.266,22,7,1:43.089,1:42.765,1:42.289,17-azerbaijan,pirelli,2024
aston-martin,fernando-alonso,14,mercedes,+1.004,+0.080,19,8,1:43.472,1:42.426,1:42.369,17-azerbaijan,pirelli,2024
williams,franco-colapinto,43,mercedes,+1.165,+0.161,20,9,1:43.138,1:42.473,1:42.530,17-azerbaijan,pirelli,2024
williams,alexander-albon,23,mercedes,+1.494,+0.329,19,10,1:42.899,1:42.840,1:42.859,17-azerbaijan,pirelli,2024
haas,oliver-bearman,50,ferrari,,,14,11,1:43.471,1:42.968,,17-azerbaijan,pirelli,2024
rb,yuki-tsunoda,22,honda-rbpt,,,16,12,1:43.337,1:43.035,,17-azerbaijan,pirelli,2024
haas,nico-hulkenberg,27,ferrari,,,14,13,1:43.101,1:43.191,,17-azerbaijan,pirelli,2024
aston-martin,lance-stroll,18,mercedes,,,14,14,1:43.370,1:43.404,,17-azerbaijan,pirelli,2024
rb,daniel-ricciardo,3,honda-rbpt,,,9,15,1:43.547,,,17-azerbaijan,pirelli,2024
mclaren,lando-norris,4,mercedes,,,7,16,1:43.609,,,17-azerbaijan,pirelli,2024
kick-sauber,valtteri-bottas,77,ferrari,,,7,17,1:43.618,,,17-azerbaijan,pirelli,2024
kick-sauber,guanyu-zhou,24,ferrari,,,10,18,1:44.246,,,17-azerbaijan,pirelli,2024
alpine,esteban-ocon,31,renault,,,8,19,1:44.504,,,17-azerbaijan,pirelli,2024
alpine,pierre-gasly,10,renault,,,0,DSQ,,,,17-azerbaijan,pirelli,2024
mclaren,lando-norris,4,mercedes,,,16,1,1:30.002,1:30.007,1:29.525,18-singapore,pirelli,2024
red-bull,max-verstappen,1,honda-rbpt,+0.203,+0.203,18,2,1:30.157,1:29.680,1:29.728,18-singapore,pirelli,2024
mercedes,lewis-hamilton,44,mercedes,+0.316,+0.113,16,3,1:30.393,1:29.929,1:29.841,18-singapore,pirelli,2024
mercedes,george-russell,63,mercedes,+0.342,+0.026,17,4,1:30.811,1:30.153,1:29.867,18-singapore,pirelli,2024
mclaren,oscar-piastri,81,mercedes,+0.428,+0.086,18,5,1:30.258,1:29.640,1:29.953,18-singapore,pirelli,2024
haas,nico-hulkenberg,27,ferrari,+0.590,+0.162,18,6,1:30.724,1:30.150,1:30.115,18-singapore,pirelli,2024
aston-martin,fernando-alonso,14,mercedes,+0.689,+0.099,17,7,1:30.684,1:30.450,1:30.214,18-singapore,pirelli,2024
rb,yuki-tsunoda,22,honda-rbpt,+0.829,+0.140,17,8,1:30.716,1:30.289,1:30.354,18-singapore,pirelli,2024
ferrari,charles-leclerc,16,ferrari,,,19,9,1:30.786,1:29.747,,18-singapore,pirelli,2024
ferrari,carlos-sainz-jr,55,ferrari,,,16,10,1:30.670,1:30.108,,18-singapore,pirelli,2024
williams,alexander-albon,23,mercedes,,,12,11,1:30.679,1:30.474,,18-singapore,pirelli,2024
williams,franco-colapinto,43,mercedes,,,12,12,1:30.704,1:30.481,,18-singapore,pirelli,2024
red-bull,sergio-perez,11,honda-rbpt,,,14,13,1:30.624,1:30.579,,18-singapore,pirelli,2024
haas,kevin-magnussen,20,ferrari,,,12,14,1:30.829,1:30.653,,18-singapore,pirelli,2024
alpine,esteban-ocon,31,renault,,,15,15,1:30.958,1:30.769,,18-singapore,pirelli,2024
rb,daniel-ricciardo,3,honda-rbpt,,,6,16,1:31.085,,,18-singapore,pirelli,2024
aston-martin,lance-stroll,18,mercedes,,,6,17,1:31.094,,,18-singapore,pirelli,2024
alpine,pierre-gasly,10,renault,,,9,18,1:31.312,,,18-singapore,pirelli,2024
kick-sauber,valtteri-bottas,77,ferrari,,,9,19,1:31.572,,,18-singapore,pirelli,2024
kick-sauber,guanyu-zhou,24,ferrari,,,9,20,1:32.054,,,18-singapore,pirelli,2024
mclaren,lando-norris,4,mercedes,,,16,1,1:33.616,1:32.851,1:32.330,19-united-states,pirelli,2024
red-bull,max-verstappen,1,honda-rbpt,+0.031,+0.031,17,2,1:33.046,1:32.584,1:32.361,19-united-states,pirelli,2024
ferrari,carlos-sainz-jr,55,ferrari,+0.322,+0.291,19,3,1:33.556,1:32.836,1:32.652,19-united-states,pirelli,2024
ferrari,charles-leclerc,16,ferrari,+0.410,+0.088,20,4,1:33.241,1:32.962,1:32.740,19-united-states,pirelli,2024
mclaren,oscar-piastri,81,mercedes,+0.620,+0.210,19,5,1:33.864,1:33.057,1:32.950,19-united-states,pirelli,2024
mercedes,george-russell,63,mercedes,+0.644,+0.024,15,6,1:33.536,1:33.142,1:32.974,19-united-states,pirelli,2024
alpine,pierre-gasly,10,renault,+0.688,+0.044,20,7,1:33.550,1:33.162,1:33.018,19-united-states,pirelli,2024
aston-martin,fernando-alonso,14,mercedes,+0.979,+0.291,18,8,1:33.973,1:33.429,1:33.309,19-united-states,pirelli,2024
haas,kevin-magnussen,20,ferrari,+1.151,+0.172,17,9,1:33.564,1:33.474,1:33.481,19-united-states,pirelli,2024
red-bull,sergio-perez,11,honda-rbpt,,,17,10,1:33.611,1:33.020,,19-united-states,pirelli,2024
rb,yuki-tsunoda,22,honda-rbpt,,,14,11,1:33.795,1:33.506,,19-united-states,pirelli,2024
haas,nico-hulkenberg,27,ferrari,,,12,12,1:33.601,1:33.544,,19-united-states,pirelli,2024
alpine,esteban-ocon,31,renault,,,15,13,1:33.986,1:33.597,,19-united-states,pirelli,2024
aston-martin,lance-stroll,18,mercedes,,,14,14,1:34.033,1:33.759,,19-united-states,pirelli,2024
rb,liam-lawson,30,honda-rbpt,,,11,15,1:33.339,,,19-united-states,pirelli,2024
williams,alexander-albon,23,mercedes,,,8,16,1:34.051,,,19-united-states,pirelli,2024
williams,franco-colapinto,43,mercedes,,,6,17,1:34.062,,,19-united-states,pirelli,2024
kick-sauber,valtteri-bottas,77,ferrari,,,9,18,1:34.152,,,19-united-states,pirelli,2024
mercedes,lewis-hamilton,44,mercedes,,,6,19,1:34.154,,,19-united-states,pirelli,2024
kick-sauber,guanyu-zhou,24,ferrari,,,9,20,1:34.228,,,19-united-states,pirelli,2024
ferrari,carlos-sainz-jr,55,ferrari,,,21,1,1:16.778,1:16.515,1:15.946,20-mexico,pirelli,2024
red-bull,max-verstappen,1,honda-rbpt,+0.225,+0.225,18,2,1:16.803,1:16.514,1:16.171,20-mexico,pirelli,2024
mclaren,lando-norris,4,mercedes,+0.314,+0.089,15,3,1:16.505,1:16.301,1:16.260,20-mexico,pirelli,2024
ferrari,charles-leclerc,16,ferrari,+0.319,+0.005,21,4,1:16.972,1:16.641,1:16.265,20-mexico,pirelli,2024
mercedes,george-russell,63,mercedes,+0.410,+0.091,19,5,1:17.194,1:16.937,1:16.356,20-mexico,pirelli,2024
mercedes,lewis-hamilton,44,mercedes,+0.705,+0.295,19,6,1:17.306,1:16.973,1:16.651,20-mexico,pirelli,2024
haas,kevin-magnussen,20,ferrari,+0.940,+0.235,18,7,1:17.125,1:17.003,1:16.886,20-mexico,pirelli,2024
alpine,pierre-gasly,10,renault,+0.946,+0.006,18,8,1:17.149,1:17.048,1:16.892,20-mexico,pirelli,2024
williams,alexander-albon,23,mercedes,+1.119,+0.173,18,9,1:17.189,1:16.988,1:17.065,20-mexico,pirelli,2024
haas,nico-hulkenberg,27,ferrari,+1.419,+0.300,18,10,1:17.186,1:16.995,1:17.365,20-mexico,pirelli,2024
rb,yuki-tsunoda,22,honda-rbpt,,,11,11,1:17.182,1:17.129,,20-mexico,pirelli,2024
rb,liam-lawson,30,honda-rbpt,,,11,12,1:17.380,1:17.162,,20-mexico,pirelli,2024
aston-martin,fernando-alonso,14,mercedes,,,13,13,1:17.307,1:17.168,,20-mexico,pirelli,2024
aston-martin,lance-stroll,18,mercedes,,,14,14,1:17.407,1:17.294,,20-mexico,pirelli,2024
kick-sauber,valtteri-bottas,77,ferrari,,,14,15,1:17.393,1:17.817,,20-mexico,pirelli,2024
williams,franco-colapinto,43,mercedes,,,6,16,1:17.558,,,20-mexico,pirelli,2024
mclaren,oscar-piastri,81,mercedes,,,8,17,1:17.597,,,20-mexico,pirelli,2024
red-bull,sergio-perez,11,honda-rbpt,,,9,18,1:17.611,,,20-mexico,pirelli,2024
alpine,esteban-ocon,31,renault,,,9,19,1:17.617,,,20-mexico,pirelli,2024
kick-sauber,guanyu-zhou,24,ferrari,,,9,20,1:18.072,,,20-mexico,pirelli,2024
mclaren,lando-norris,4,mercedes,,,33,1,1:30.944,1:24.844,1:23.405,21-sao-paulo,pirelli,2024
mercedes,george-russell,63,mercedes,+0.173,+0.173,29,2,1:29.121,1:26.307,1:23.578,21-sao-paulo,pirelli,2024
rb,yuki-tsunoda,22,honda-rbpt,+0.706,+0.533,30,3,1:29.172,1:26.464,1:24.111,21-sao-paulo,pirelli,2024
alpine,esteban-ocon,31,renault,+1.070,+0.364,31,4,1:29.171,1:26.206,1:24.475,21-sao-paulo,pirelli,2024
rb,liam-lawson,30,honda-rbpt,+1.079,+0.009,30,5,1:30.758,1:25.654,1:24.484,21-sao-paulo,pirelli,2024
ferrari,charles-leclerc,16,ferrari,+1.120,+0.041,29,6,1:29.839,1:26.097,1:24.525,21-sao-paulo,pirelli,2024
williams,alexander-albon,23,mercedes,+1.252,+0.132,28,7,1:29.072,1:25.889,1:24.657,21-sao-paulo,pirelli,2024
mclaren,oscar-piastri,81,mercedes,+1.281,+0.029,28,8,1:30.114,1:25.179,1:24.686,21-sao-paulo,pirelli,2024
aston-martin,fernando-alonso,14,mercedes,+5.593,+4.312,21,9,1:30.207,1:25.035,1:28.998,21-sao-paulo,pirelli,2024
aston-martin,lance-stroll,18,mercedes,,,19,10,1:30.580,1:26.334,,21-sao-paulo,pirelli,2024
kick-sauber,valtteri-bottas,77,ferrari,,,21,11,1:30.633,1:26.472,,21-sao-paulo,pirelli,2024
red-bull,max-verstappen,1,honda-rbpt,,,19,12,1:28.522,1:27.771,,21-sao-paulo,pirelli,2024
red-bull,sergio-perez,11,honda-rbpt,,,18,13,1:30.035,1:28.158,,21-sao-paulo,pirelli,2024
ferrari,carlos-sainz-jr,55,ferrari,,,17,14,1:30.303,1:29.406,,21-sao-paulo,pirelli,2024
alpine,pierre-gasly,10,renault,,,21,15,1:29.420,1:29.614,,21-sao-paulo,pirelli,2024
mercedes,lewis-hamilton,44,mercedes,,,11,16,1:31.150,,,21-sao-paulo,pirelli,2024
haas,oliver-bearman,50,ferrari,,,11,17,1:31.229,,,21-sao-paulo,pirelli,2024
williams,franco-colapinto,43,mercedes,,,5,18,1:31.270,,,21-sao-paulo,pirelli,2024
haas,nico-hulkenberg,27,ferrari,,,12,19,1:31.623,,,21-sao-paulo,pirelli,2024
kick-sauber,guanyu-zhou,24,ferrari,,,12,20,1:32.263,,,21-sao-paulo,pirelli,2024
mercedes,george-russell,63,mercedes,,,25,1,1:33.186,1:32.779,1:32.312,22-las-vegas,pirelli,2024
ferrari,carlos-sainz-jr,55,ferrari,+0.098,+0.098,24,2,1:33.484,1:32.711,1:32.410,22-las-vegas,pirelli,2024
alpine,pierre-gasly,10,renault,+0.352,+0.254,25,3,1:33.691,1:32.879,1:32.664,22-las-vegas,pirelli,2024
ferrari,charles-leclerc,16,ferrari,+0.471,+0.119,23,4,1:33.446,1:33.016,1:32.783,22-las-vegas,pirelli,2024
red-bull,max-verstappen,1,honda-rbpt,+0.485,+0.014,21,5,1:33.299,1:33.085,1:32.797,22-las-vegas,pirelli,2024
mclaren,lando-norris,4,mercedes,+0.696,+0.211,20,6,1:33.592,1:33.099,1:33.008,22-las-vegas,pirelli,2024
rb,yuki-tsunoda,22,honda-rbpt,+0.717,+0.021,25,7,1:33.789,1:33.089,1:33.029,22-las-vegas,pirelli,2024
mclaren,oscar-piastri,81,mercedes,+0.721,+0.004,21,8,1:33.450,1:33.024,1:33.033,22-las-vegas,pirelli,2024
haas,nico-hulkenberg,27,ferrari,+0.750,+0.029,17,9,1:33.920,1:33.114,1:33.062,22-las-vegas,pirelli,2024
mercedes,lewis-hamilton,44,mercedes,+15.794,+15.044,24,10,1:33.225,1:32.567,1:48.106,22-las-vegas,pirelli,2024
alpine,esteban-ocon,31,renault,,,18,11,1:33.968,1:33.221,,22-las-vegas,pirelli,2024
haas,kevin-magnussen,20,ferrari,,,12,12,1:33.991,1:33.297,,22-las-vegas,pirelli,2024
kick-sauber,guanyu-zhou,24,ferrari,,,17,13,1:34.079,1:33.566,,22-las-vegas,pirelli,2024
williams,franco-colapinto,43,mercedes,,,16,14,1:33.746,1:33.749,,22-las-vegas,pirelli,2024
rb,liam-lawson,30,honda-rbpt,,,17,15,1:34.087,1:34.257,,22-las-vegas,pirelli,2024
red-bull,sergio-perez,11,honda-rbpt,,,10,16,1:34.155,,,22-las-vegas,pirelli,2024
aston-martin,fernando-alonso,14,mercedes,,,9,17,1:34.258,,,22-las-vegas,pirelli,2024
williams,alexander-albon,23,mercedes,,,10,18,1:34.425,,,22-las-vegas,pirelli,2024
kick-sauber,valtteri-bottas,77,ferrari,,,10,19,1:34.430,,,22-las-vegas,pirelli,2024
aston-martin,lance-stroll,18,mercedes,,,3,20,1:34.484,,,22-las-vegas,pirelli,2024
red-bull,max-verstappen,1,honda-rbpt,,,22,1,1:21.579,1:20.687,1:20.520,23-qatar,pirelli,2024
mercedes,george-russell,63,mercedes,+0.055,+0.055,28,2,1:21.241,1:21.069,1:20.575,23-qatar,pirelli,2024
mclaren,lando-norris,4,mercedes,+0.252,+0.197,22,3,1:21.578,1:20.983,1:20.772,23-qatar,pirelli,2024
mclaren,oscar-piastri,81,mercedes,+0.309,+0.057,22,4,1:21.821,1:21.121,1:20.829,23-qatar,pirelli,2024
ferrari,charles-leclerc,16,ferrari,+0.332,+0.023,26,5,1:21.278,1:21.000,1:20.852,23-qatar,pirelli,2024
mercedes,lewis-hamilton,44,mercedes,+0.491,+0.159,27,6,1:21.637,1:21.095,1:21.011,23-qatar,pirelli,2024
ferrari,carlos-sainz-jr,55,ferrari,+0.521,+0.030,26,7,1:21.447,1:21.199,1:21.041,23-qatar,pirelli,2024
aston-martin,fernando-alonso,14,mercedes,+0.731,+0.210,19,8,1:21.608,1:21.208,1:21.251,23-qatar,pirelli,2024
red-bull,sergio-perez,11,honda-rbpt,+0.905,+0.174,22,9,1:21.675,1:21.425,1:21.425,23-qatar,pirelli,2024
haas,kevin-magnussen,20,ferrari,+0.980,+0.075,26,10,1:21.891,1:21.387,1:21.500,23-qatar,pirelli,2024
alpine,pierre-gasly,10,renault,,,18,11,1:21.843,1:21.437,,23-qatar,pirelli,2024
kick-sauber,guanyu-zhou,24,ferrari,,,19,12,1:22.103,1:21.501,,23-qatar,pirelli,2024
kick-sauber,valtteri-bottas,77,ferrari,,,19,13,1:21.927,1:21.731,,23-qatar,pirelli,2024
rb,yuki-tsunoda,22,honda-rbpt,,,16,14,1:22.364,1:21.771,,23-qatar,pirelli,2024
aston-martin,lance-stroll,18,mercedes,,,14,15,1:22.011,1:21.911,,23-qatar,pirelli,2024
williams,alexander-albon,23,mercedes,,,9,16,1:22.390,,,23-qatar,pirelli,2024
rb,liam-lawson,30,honda-rbpt,,,10,17,1:22.411,,,23-qatar,pirelli,2024
haas,nico-hulkenberg,27,ferrari,,,10,18,1:22.442,,,23-qatar,pirelli,2024
williams,franco-colapinto,43,mercedes,,,9,19,1:22.594,,,23-qatar,pirelli,2024
alpine,esteban-ocon,31,renault,,,10,20,1:22.714,,,23-qatar,pirelli,2024
mclaren,lando-norris,4,mercedes,,,16,1,1:23.682,1:23.098,1:22.595,24-abu-dhabi,pirelli,2024
mclaren,oscar-piastri,81,mercedes,+0.209,+0.209,16,2,1:23.640,1:23.199,1:22.804,24-abu-dhabi,pirelli,2024
ferrari,carlos-sainz-jr,55,ferrari,+0.229,+0.020,16,3,1:23.487,1:22.985,1:22.824,24-abu-dhabi,pirelli,2024
haas,nico-hulkenberg,27,ferrari,+0.291,+0.062,17,4,1:23.722,1:23.040,1:22.886,24-abu-dhabi,pirelli,2024
red-bull,max-verstappen,1,honda-rbpt,+0.350,+0.059,15,5,1:23.516,1:22.998,1:22.945,24-abu-dhabi,pirelli,2024
alpine,pierre-gasly,10,renault,+0.389,+0.039,18,6,1:23.548,1:23.086,1:22.984,24-abu-dhabi,pirelli,2024
mercedes,george-russell,63,mercedes,+0.537,+0.148,19,7,1:23.678,1:23.283,1:23.132,24-abu-dhabi,pirelli,2024
aston-martin,fernando-alonso,14,mercedes,+0.601,+0.064,19,8,1:23.794,1:23.268,1:23.196,24-abu-dhabi,pirelli,2024
kick-sauber,valtteri-bottas,77,ferrari,+0.609,+0.008,15,9,1:23.481,1:23.341,1:23.204,24-abu-dhabi,pirelli,2024
red-bull,sergio-perez,11,honda-rbpt,+0.669,+0.060,18,10,1:23.559,1:23.379,1:23.264,24-abu-dhabi,pirelli,2024
rb,yuki-tsunoda,22,honda-rbpt,,,12,11,1:23.735,1:23.419,,24-abu-dhabi,pirelli,2024
rb,liam-lawson,30,honda-rbpt,,,12,12,1:23.733,1:23.472,,24-abu-dhabi,pirelli,2024
aston-martin,lance-stroll,18,mercedes,,,14,13,1:23.729,1:23.784,,24-abu-dhabi,pirelli,2024
ferrari,charles-leclerc,16,ferrari,,,12,14,1:23.302,1:23.833,,24-abu-dhabi,pirelli,2024
haas,kevin-magnussen,20,ferrari,,,11,15,1:23.632,1:23.877,,24-abu-dhabi,pirelli,2024
williams,alexander-albon,23,mercedes,,,6,16,1:23.821,,,24-abu-dhabi,pirelli,2024
kick-sauber,guanyu-zhou,24,ferrari,,,6,17,1:23.880,,,24-abu-dhabi,pirelli,2024
mercedes,lewis-hamilton,44,mercedes,,,7,18,1:23.887,,,24-abu-dhabi,pirelli,2024
williams,franco-colapinto,43,mercedes,,,6,19,1:23.912,,,24-abu-dhabi,pirelli,2024
alpine,jack-doohan,61,renault,,,6,20,1:24.105,,,24-abu-dhabi,pirelli,2024
