aspiration,capacity,configuration,engineManufacturerId,fullName,id,name
NATURALLY_ASPIRATED,3.0,V10,acer,Acer 01A 3.0 V10,acer-01a-30-v10,01A
NATURALLY_ASPIRATED,3.0,F12,alfa-romeo,Alfa Romeo 115-12 3.0 F12,alfa-romeo-115-12-30-f12,115-12
NATURALLY_ASPIRATED,3.0,V12,alfa-romeo,Alfa Romeo 1260 3.0 V12,alfa-romeo-1260-30-v12,1260
SUPERCHARGED,1.5,L8,alfa-romeo,Alfa Romeo 158 1.5 L8 S,alfa-romeo-158-15-l8-s,158
TURBOCHARGED,1.5,V8,alfa-romeo,Alfa Romeo 890T 1.5 V8 T,alfa-romeo-890t-15-v8-t,890T
NATURALLY_ASPIRATED,1.5,L4,alfa-romeo,Alfa Romeo Giulietta 1.5 L4,alfa-romeo-giulietta-15-l4,Giulietta
NATURALLY_ASPIRATED,3.0,V8,alfa-romeo,Alfa Romeo T33 3.0 V8,alfa-romeo-t33-30-v8,T33
SUPERCHARGED,1.5,L4,alta,Alta 1.5 L4 S,alta-15-l4-s,Alta
NATURALLY_ASPIRATED,2.0,L4,alta,Alta F2 2.0 L4,alta-f2-20-l4,F2
NATURALLY_ASPIRATED,2.5,L4,alta,Alta GP 2.5 L4,alta-gp-25-l4,GP
NATURALLY_ASPIRATED,3.0,V10,arrows,Arrows A20E 3.0 V10,arrows-a20e-30-v10,A20E
NATURALLY_ASPIRATED,3.0,V10,arrows,Arrows T2-F1 3.0 V10,arrows-t2-f1-30-v10,T2-F1
NATURALLY_ASPIRATED,3.0,V10,asiatech,Asiatech 001 3.0 V10,asiatech-001-30-v10,1
NATURALLY_ASPIRATED,3.0,V10,asiatech,Asiatech AT02 3.0 V10,asiatech-at02-30-v10,AT02
NATURALLY_ASPIRATED,2.5,L6,aston-martin,Aston Martin RB6 2.5 L6,aston-martin-rb6-25-l6,RB6
NATURALLY_ASPIRATED,1.5,V8,ats,ATS 100 1.5 V8,ats-100-15-v8,100
NATURALLY_ASPIRATED,2.7,V8,ats,ATS 2.7 V8,ats-27-v8,ATS
NATURALLY_ASPIRATED,2.0,L6,bmw,BMW 328 2.0 L6,bmw-328-20-l6,328
NATURALLY_ASPIRATED,3.0,V10,bmw,BMW E41 3.0 V10,bmw-e41-30-v10,E41
NATURALLY_ASPIRATED,2.0,L4,bmw,BMW M10 2.0 L4,bmw-m10-20-l4,M10
NATURALLY_ASPIRATED,1.6,L4,bmw,BMW M12/1 1.6 L4,bmw-m12-1-16-l4,M12/1
TURBOCHARGED,1.5,L4,bmw,BMW M12/13/1 1.5 L4 T,bmw-m12-13-1-15-l4-t,M12/13/1
TURBOCHARGED,1.5,L4,bmw,BMW M12/13 1.5 L4 T,bmw-m12-13-15-l4-t,M12/13
NATURALLY_ASPIRATED,3.0,V10,bmw,BMW P80 3.0 V10,bmw-p80-30-v10,P80
NATURALLY_ASPIRATED,3.0,V10,bmw,BMW P82 3.0 V10,bmw-p82-30-v10,P82
NATURALLY_ASPIRATED,3.0,V10,bmw,BMW P83 3.0 V10,bmw-p83-30-v10,P83
NATURALLY_ASPIRATED,3.0,V10,bmw,BMW P84 3.0 V10,bmw-p84-30-v10,P84
NATURALLY_ASPIRATED,3.0,V10,bmw,BMW P84/5 3.0 V10,bmw-p84-5-30-v10,P84/5
NATURALLY_ASPIRATED,2.4,V8,bmw,BMW P86 2.4 V8,bmw-p86-24-v8,P86
NATURALLY_ASPIRATED,2.4,V8,bmw,BMW P86/7 2.4 V8,bmw-p86-7-24-v8,P86/7
NATURALLY_ASPIRATED,2.4,V8,bmw,BMW P86/8 2.4 V8,bmw-p86-8-24-v8,P86/8
NATURALLY_ASPIRATED,2.4,V8,bmw,BMW P86/9 2.4 V8,bmw-p86-9-24-v8,P86/9
NATURALLY_ASPIRATED,1.5,L4,borgward,Borgward 1500 RS 1.5 L4,borgward-1500-rs-15-l4,1500 RS
NATURALLY_ASPIRATED,2.0,L4,bpm,BPM 2.0 L4,bpm-20-l4,BPM
NATURALLY_ASPIRATED,2.0,L6,bristol,Bristol BS1 2.0 L6,bristol-bs1-20-l6,BS1
NATURALLY_ASPIRATED,2.2,L6,bristol,Bristol BS2 2.2 L6,bristol-bs2-22-l6,BS2
NATURALLY_ASPIRATED,3.0,V12,brm,BRM P101 3.0 V12,brm-p101-30-v12,P101
NATURALLY_ASPIRATED,2.1,V8,brm,BRM P111 2.1 V8,brm-p111-21-v8,P111
NATURALLY_ASPIRATED,3.0,V12,brm,BRM P142 3.0 V12,brm-p142-30-v12,P142
SUPERCHARGED,1.5,V16,brm,BRM P15 1.5 V16 S,brm-p15-15-v16-s,P15
NATURALLY_ASPIRATED,3.0,V12,brm,BRM P200 3.0 V12,brm-p200-30-v12,P200
NATURALLY_ASPIRATED,3.0,V12,brm,BRM P202 3.0 V12,brm-p202-30-v12,P202
NATURALLY_ASPIRATED,2.5,L4,brm,BRM P25 2.5 L4,brm-p25-25-l4,P25
NATURALLY_ASPIRATED,1.5,V8,brm,BRM P56 1.5 V8,brm-p56-15-v8,P56
NATURALLY_ASPIRATED,1.9,V8,brm,BRM P60 1.9 V8,brm-p60-19-v8,P60
NATURALLY_ASPIRATED,2.0,V8,brm,BRM P60 2.0 V8,brm-p60-20-v8,P60
NATURALLY_ASPIRATED,2.1,V8,brm,BRM P60 2.1 V8,brm-p60-21-v8,P60
NATURALLY_ASPIRATED,3.0,H16,brm,BRM P75 3.0 H16,brm-p75-30-h16,P75
NATURALLY_ASPIRATED,1.0,L4,brm,BRM P80 1.0 L4,brm-p80-10-l4,P80
NATURALLY_ASPIRATED,2.5,L8,bugatti,Bugatti 2.5 L8,bugatti-25-l8,Bugatti
NATURALLY_ASPIRATED,2.0,F4,butterworth,Butterworth 2.0 F4,butterworth-20-f4,Butterworth
TURBOCHARGED_HYBRID,1.6,V6,bwt-mercedes,BWT Mercedes 1.6 V6 T H,bwt-mercedes-16-v6-t-h,BWT Mercedes
NATURALLY_ASPIRATED,2.5,L4,castellotti,Castellotti 2.5 L4,castellotti-25-l4,Castellotti
NATURALLY_ASPIRATED,3.0,V8,climax,Climax FPE 3.0 V8,climax-fpe-30-v8,FPE
NATURALLY_ASPIRATED,1.5,L4,climax,Climax FPF 1.5 L4,climax-fpf-15-l4,FPF
NATURALLY_ASPIRATED,2.0,L4,climax,Climax FPF 2.0 L4,climax-fpf-20-l4,FPF
NATURALLY_ASPIRATED,2.2,L4,climax,Climax FPF 2.2 L4,climax-fpf-22-l4,FPF
NATURALLY_ASPIRATED,2.5,L4,climax,Climax FPF 2.5 L4,climax-fpf-25-l4,FPF
NATURALLY_ASPIRATED,2.8,L4,climax,Climax FPF 2.8 L4,climax-fpf-28-l4,FPF
NATURALLY_ASPIRATED,1.5,L4,climax,Climax FWB 1.5 L4,climax-fwb-15-l4,FWB
NATURALLY_ASPIRATED,1.5,V8,climax,Climax FWMV 1.5 V8,climax-fwmv-15-v8,FWMV
NATURALLY_ASPIRATED,2.0,V8,climax,Climax FWMV 2.0 V8,climax-fwmv-20-v8,FWMV
NATURALLY_ASPIRATED,2.4,V8,cosworth,Cosworth CA2006 2.4 V8,cosworth-ca2006-24-v8,CA2006
NATURALLY_ASPIRATED,2.4,V8,cosworth,Cosworth CA2010 2.4 V8,cosworth-ca2010-24-v8,CA2010
NATURALLY_ASPIRATED,2.4,V8,cosworth,Cosworth CA2011 2.4 V8,cosworth-ca2011-24-v8,CA2011
NATURALLY_ASPIRATED,2.4,V8,cosworth,Cosworth CA2011K 2.4 V8,cosworth-ca2011k-24-v8,CA2011K
NATURALLY_ASPIRATED,2.4,V8,cosworth,Cosworth CA2012 2.4 V8,cosworth-ca2012-24-v8,CA2012
NATURALLY_ASPIRATED,2.4,V8,cosworth,Cosworth CA2013 2.4 V8,cosworth-ca2013-24-v8,CA2013
NATURALLY_ASPIRATED,3.0,V10,cosworth,Cosworth CK2004 3.0 V10,cosworth-ck2004-30-v10,CK2004
NATURALLY_ASPIRATED,3.0,V10,cosworth,Cosworth CR-2 3.0 V10,cosworth-cr-2-30-v10,CR-2
NATURALLY_ASPIRATED,3.0,V10,cosworth,Cosworth CR-3 3.0 V10,cosworth-cr-3-30-v10,CR-3
NATURALLY_ASPIRATED,3.0,V10,cosworth,Cosworth CR-3L 3.0 V10,cosworth-cr-3l-30-v10,CR-3L
NATURALLY_ASPIRATED,3.0,V10,cosworth,Cosworth CR-4 3.0 V10,cosworth-cr-4-30-v10,CR-4
NATURALLY_ASPIRATED,3.0,V10,cosworth,Cosworth CR-5 3.0 V10,cosworth-cr-5-30-v10,CR-5
NATURALLY_ASPIRATED,3.0,V10,cosworth,Cosworth CR-6 3.0 V10,cosworth-cr-6-30-v10,CR-6
NATURALLY_ASPIRATED,3.0,V10,cosworth,Cosworth TJ2005 3.0 V10,cosworth-tj2005-30-v10,TJ2005
NATURALLY_ASPIRATED,3.0,V10,cosworth,Cosworth TJ2006 3.0 V10,cosworth-tj2006-30-v10,TJ2006
SUPERCHARGED,3.0,L6,cummins,Cummins 3.0 L6 S,cummins-30-l6-s,Cummins
NATURALLY_ASPIRATED,1.5,F8,de-tomaso,De Tomaso 1.5 F8,de-tomaso-15-f8,De Tomaso
NATURALLY_ASPIRATED,2.0,L6,emw,EMW 6 2.0 L6,emw-6-20-l6,6
SUPERCHARGED,1.5,L6,era,ERA 1.5 L6 S,era-15-l6-s,ERA
NATURALLY_ASPIRATED,3.0,V10,european,European 3.0 V10,european-30-v10,European
NATURALLY_ASPIRATED,3.0,F12,ferrari,Ferrari 001/1 3.0 F12,ferrari-001-1-30-f12,001/1
NATURALLY_ASPIRATED,3.0,F12,ferrari,Ferrari 001/11 3.0 F12,ferrari-001-11-30-f12,001/11
NATURALLY_ASPIRATED,3.0,F12,ferrari,Ferrari 001 3.0 F12,ferrari-001-30-f12,1
NATURALLY_ASPIRATED,3.0,F12,ferrari,Ferrari 015 3.0 F12,ferrari-015-30-f12,13
TURBOCHARGED,1.5,V6,ferrari,Ferrari 021 1.5 V6 T,ferrari-021-15-v6-t,17
TURBOCHARGED,1.5,V6,ferrari,Ferrari 031 1.5 V6 T,ferrari-031-15-v6-t,25
TURBOCHARGED,1.5,V6,ferrari,Ferrari 032 1.5 V6 T,ferrari-032-15-v6-t,26
TURBOCHARGED,1.5,V6,ferrari,Ferrari 033D 1.5 V6 T,ferrari-033d-15-v6-t,033D
TURBOCHARGED,1.5,V6,ferrari,Ferrari 033E 1.5 V6 T,ferrari-033e-15-v6-t,033E
NATURALLY_ASPIRATED,3.5,V12,ferrari,Ferrari 035/5 3.5 V12,ferrari-035-5-35-v12,035/5
NATURALLY_ASPIRATED,3.5,V12,ferrari,Ferrari 036 3.5 V12,ferrari-036-35-v12,30
NATURALLY_ASPIRATED,3.5,V12,ferrari,Ferrari 037 3.5 V12,ferrari-037-35-v12,31
NATURALLY_ASPIRATED,3.5,V12,ferrari,Ferrari 038 3.5 V12,ferrari-038-35-v12,038
NATURALLY_ASPIRATED,3.5,V12,ferrari,Ferrari 040 3.5 V12,ferrari-040-35-v12,32
NATURALLY_ASPIRATED,3.5,V12,ferrari,Ferrari 041 3.5 V12,ferrari-041-35-v12,33
NATURALLY_ASPIRATED,3.5,V12,ferrari,Ferrari 043 3.5 V12,ferrari-043-35-v12,35
NATURALLY_ASPIRATED,3.0,V12,ferrari,Ferrari 044/1 3.0 V12,ferrari-044-1-30-v12,044/1
NATURALLY_ASPIRATED,3.0,V10,ferrari,Ferrari 046/2 3.0 V10,ferrari-046-2-30-v10,046/2
NATURALLY_ASPIRATED,3.0,V10,ferrari,Ferrari 046 3.0 V10,ferrari-046-30-v10,38
NATURALLY_ASPIRATED,3.0,V10,ferrari,Ferrari 047 3.0 V10,ferrari-047-30-v10,39
NATURALLY_ASPIRATED,3.0,V10,ferrari,Ferrari 048 3.0 V10,ferrari-048-30-v10,048
NATURALLY_ASPIRATED,3.0,V10,ferrari,Ferrari 049 3.0 V10,ferrari-049-30-v10,049
NATURALLY_ASPIRATED,3.0,V10,ferrari,Ferrari 050 3.0 V10,ferrari-050-30-v10,40
NATURALLY_ASPIRATED,3.0,V10,ferrari,Ferrari 051 3.0 V10,ferrari-051-30-v10,41
NATURALLY_ASPIRATED,3.0,V10,ferrari,Ferrari 051B 3.0 V10,ferrari-051b-30-v10,051B
NATURALLY_ASPIRATED,3.0,V10,ferrari,Ferrari 052 3.0 V10,ferrari-052-30-v10,42
NATURALLY_ASPIRATED,3.0,V10,ferrari,Ferrari 053 3.0 V10,ferrari-053-30-v10,43
NATURALLY_ASPIRATED,3.0,V10,ferrari,Ferrari 055 3.0 V10,ferrari-055-30-v10,45
NATURALLY_ASPIRATED,2.4,V8,ferrari,Ferrari 056 2006 2.4 V8,ferrari-056-2006-24-v8,056 2006
NATURALLY_ASPIRATED,2.4,V8,ferrari,Ferrari 056 2007 2.4 V8,ferrari-056-2007-24-v8,056 2007
NATURALLY_ASPIRATED,2.4,V8,ferrari,Ferrari 056 2.4 V8,ferrari-056-24-v8,46
TURBOCHARGED_HYBRID,1.6,V6,ferrari,Ferrari 059/3 1.6 V6 T H,ferrari-059-3-16-v6-t-h,059/3
TURBOCHARGED_HYBRID,1.6,V6,ferrari,Ferrari 060 1.6 V6 T H,ferrari-060-16-v6-t-h,48
TURBOCHARGED_HYBRID,1.6,V6,ferrari,Ferrari 061 1.6 V6 T H,ferrari-061-16-v6-t-h,49
TURBOCHARGED_HYBRID,1.6,V6,ferrari,Ferrari 062 1.6 V6 T H,ferrari-062-16-v6-t-h,50
TURBOCHARGED_HYBRID,1.6,V6,ferrari,Ferrari 062 EVO 1.6 V6 T H,ferrari-062-evo-16-v6-t-h,062 EVO
TURBOCHARGED_HYBRID,1.6,V6,ferrari,Ferrari 064 1.6 V6 T H,ferrari-064-16-v6-t-h,52
TURBOCHARGED_HYBRID,1.6,V6,ferrari,Ferrari 065 1.6 V6 T H,ferrari-065-16-v6-t-h,53
TURBOCHARGED_HYBRID,1.6,V6,ferrari,Ferrari 065/6 1.6 V6 T H,ferrari-065-6-16-v6-t-h,065/6
TURBOCHARGED_HYBRID,1.6,V6,ferrari,Ferrari 066/10 1.6 V6 T H,ferrari-066-10-16-v6-t-h,066/10
TURBOCHARGED_HYBRID,1.6,V6,ferrari,Ferrari 066/12 1.6 V6 T H,ferrari-066-12-16-v6-t-h,066/12
TURBOCHARGED_HYBRID,1.6,V6,ferrari,Ferrari 066/7 1.6 V6 T H,ferrari-066-7-16-v6-t-h,066/7
NATURALLY_ASPIRATED,2.5,L4,ferrari,Ferrari 107 2.5 L4,ferrari-107-25-l4,107
SUPERCHARGED,1.5,V12,ferrari,Ferrari 125 1.5 V12 S,ferrari-125-15-v12-s,125
NATURALLY_ASPIRATED,2.4,V6,ferrari,Ferrari 143 2.4 V6,ferrari-143-24-v6,143
NATURALLY_ASPIRATED,2.4,V6,ferrari,Ferrari 155 2.4 V6,ferrari-155-24-v6,155
NATURALLY_ASPIRATED,2.0,V12,ferrari,Ferrari 166 2.0 V12,ferrari-166-20-v12,166
NATURALLY_ASPIRATED,3.0,V12,ferrari,Ferrari 168 3.0 V12,ferrari-168-30-v12,168
NATURALLY_ASPIRATED,2.4,V6,ferrari,Ferrari 171 2.4 V6,ferrari-171-24-v6,171
NATURALLY_ASPIRATED,1.5,V6,ferrari,Ferrari 178 1.5 V6,ferrari-178-15-v6,178
NATURALLY_ASPIRATED,1.5,V6,ferrari,Ferrari 188 1.5 V6,ferrari-188-15-v6,188
NATURALLY_ASPIRATED,1.5,V8,ferrari,Ferrari 205B 1.5 V8,ferrari-205b-15-v8,205B
NATURALLY_ASPIRATED,1.5,F12,ferrari,Ferrari 207 1.5 F12,ferrari-207-15-f12,207
NATURALLY_ASPIRATED,2.5,V12,ferrari,Ferrari 212 2.5 V12,ferrari-212-25-v12,212
NATURALLY_ASPIRATED,3.0,V12,ferrari,Ferrari 218 3.0 V12,ferrari-218-30-v12,218
NATURALLY_ASPIRATED,2.4,V6,ferrari,Ferrari 228 2.4 V6,ferrari-228-24-v6,228
NATURALLY_ASPIRATED,3.0,V12,ferrari,Ferrari 242 3.0 V12,ferrari-242-30-v12,242
NATURALLY_ASPIRATED,3.0,V12,ferrari,Ferrari 242C 3.0 V12,ferrari-242c-30-v12,242C
NATURALLY_ASPIRATED,3.0,V12,ferrari,Ferrari 255C 3.0 V12,ferrari-255c-30-v12,255C
NATURALLY_ASPIRATED,3.3,V12,ferrari,Ferrari 275 3.3 V12,ferrari-275-33-v12,275
NATURALLY_ASPIRATED,4.5,V12,ferrari,Ferrari 375 4.5 V12,ferrari-375-45-v12,375
NATURALLY_ASPIRATED,2.0,L4,ferrari,Ferrari 500 2.0 L4,ferrari-500-20-l4,500
NATURALLY_ASPIRATED,2.0,L4,ferrari,Ferrari 553 2.0 L4,ferrari-553-20-l4,553
NATURALLY_ASPIRATED,2.5,L4,ferrari,Ferrari 554 2.5 L4,ferrari-554-25-l4,554
NATURALLY_ASPIRATED,2.5,L4,ferrari,Ferrari 555 2.5 L4,ferrari-555-25-l4,555
NATURALLY_ASPIRATED,2.5,L6,ferrari,Ferrari 625 2.5 L4,ferrari-625-25-l4,625
NATURALLY_ASPIRATED,1.5,V6,ferrari,Ferrari D156 1.5 V6,ferrari-d156-15-v6,D156
NATURALLY_ASPIRATED,2.5,V8,ferrari,Ferrari DS50 2.5 V8,ferrari-ds50-25-v8,DS50
NATURALLY_ASPIRATED,3.0,V10,fondmetal,Fondmetal RV10 3.0 V10,fondmetal-rv10-30-v10,RV10
NATURALLY_ASPIRATED,1.5,L4,ford,Ford 109E 1.5 L4,ford-109e-15-l4,109E
NATURALLY_ASPIRATED,3.0,V8,ford,Ford 406 3.0 V8,ford-406-30-v8,406
NATURALLY_ASPIRATED,3.5,V8,ford,Ford Cosworth DFR 3.5 V8,ford-cosworth-dfr-35-v8,Cosworth DFR
NATURALLY_ASPIRATED,3.0,V8,ford,Ford Cosworth DFV 3.0 V8,ford-cosworth-dfv-30-v8,Cosworth DFV
NATURALLY_ASPIRATED,3.0,V8,ford,Ford Cosworth DFY 3.0 V8,ford-cosworth-dfy-30-v8,Cosworth DFY
NATURALLY_ASPIRATED,3.5,V8,ford,Ford Cosworth DFZ 3.5 V8,ford-cosworth-dfz-35-v8,Cosworth DFZ
NATURALLY_ASPIRATED,1.6,L4,ford,Ford Cosworth FVA 1.6 L4,ford-cosworth-fva-16-l4,Cosworth FVA
TURBOCHARGED,1.5,V6,ford,Ford Cosworth GBA 1.5 V6 T,ford-cosworth-gba-15-v6-t,Cosworth GBA
NATURALLY_ASPIRATED,1.0,L4,ford,Ford Cosworth SCA 1.0 L4,ford-cosworth-sca-10-l4,Cosworth SCA
NATURALLY_ASPIRATED,3.0,V10,ford,Ford CR-1 3.0 V10,ford-cr-1-30-v10,CR-1
NATURALLY_ASPIRATED,3.5,V8,ford,Ford EC Zetec-R 3.5 V8,ford-ec-zetec-r-35-v8,EC Zetec-R
NATURALLY_ASPIRATED,3.0,V8,ford,Ford ECA Zetec-R 3.0 V8,ford-eca-zetec-r-30-v8,ECA Zetec-R
NATURALLY_ASPIRATED,3.0,V8,ford,Ford ED 3.0 V8,ford-ed-30-v8,ED
NATURALLY_ASPIRATED,3.0,V8,ford,Ford ED2 3.0 V8,ford-ed2-30-v8,ED2
NATURALLY_ASPIRATED,3.0,V8,ford,Ford ED3 3.0 V8,ford-ed3-30-v8,ED3
NATURALLY_ASPIRATED,3.0,V8,ford,Ford ED4 3.0 V8,ford-ed4-30-v8,ED4
NATURALLY_ASPIRATED,3.0,V8,ford,Ford ED5 3.0 V8,ford-ed5-30-v8,ED5
NATURALLY_ASPIRATED,3.0,V8,ford,Ford EDB 3.0 V8,ford-edb-30-v8,EDB
NATURALLY_ASPIRATED,3.0,V8,ford,Ford EDC 3.0 V8,ford-edc-30-v8,EDC
NATURALLY_ASPIRATED,3.0,V8,ford,Ford EDD 3.0 V8,ford-edd-30-v8,EDD
NATURALLY_ASPIRATED,3.0,V8,ford,Ford EDM 3.0 V8,ford-edm-30-v8,EDM
NATURALLY_ASPIRATED,3.5,V8,ford,Ford HBA1/4 3.5 V8,ford-hba1-4-35-v8,HBA1/4
NATURALLY_ASPIRATED,3.5,V8,ford,Ford HBA4 3.5 V8,ford-hba4-35-v8,HBA4
NATURALLY_ASPIRATED,3.5,V8,ford,Ford HBA5 3.5 V8,ford-hba5-35-v8,HBA5
NATURALLY_ASPIRATED,3.5,V8,ford,Ford HBA7 3.5 V8,ford-hba7-35-v8,HBA7
NATURALLY_ASPIRATED,3.5,V8,ford,Ford HBA8 3.5 V8,ford-hba8-35-v8,HBA8
NATURALLY_ASPIRATED,3.5,V8,ford,Ford HBC6 3.5 V8,ford-hbc6-35-v8,HBC6
NATURALLY_ASPIRATED,3.5,V8,ford,Ford HBC7/8 3.5 V8,ford-hbc7-8-35-v8,HBC7/8
NATURALLY_ASPIRATED,3.5,V8,ford,Ford HBD6 3.5 V8,ford-hbd6-35-v8,HBD6
NATURALLY_ASPIRATED,3.5,V8,ford,Ford HBE7 3.5 V8,ford-hbe7-35-v8,HBE7
NATURALLY_ASPIRATED,3.5,V8,ford,Ford HBE7/8 3.5 V8,ford-hbe7-8-35-v8,HBE7/8
NATURALLY_ASPIRATED,3.5,V8,ford,Ford HBF7/8 3.5 V8,ford-hbf7-8-35-v8,HBF7/8
NATURALLY_ASPIRATED,3.0,V10,ford,Ford JD Zetec-R 3.0 V10,ford-jd-zetec-r-30-v10,JD Zetec-R
NATURALLY_ASPIRATED,3.0,V10,ford,Ford RS1 3.0 V10,ford-rs1-30-v10,RS1
NATURALLY_ASPIRATED,3.0,V10,ford,Ford RS2 3.0 V10,ford-rs2-30-v10,RS2
NATURALLY_ASPIRATED,3.0,V10,ford,Ford VJ Zetec-R 3.0 V10,ford-vj-zetec-r-30-v10,VJ Zetec-R
NATURALLY_ASPIRATED,3.0,V10,ford,Ford VJM1 Zetec-R 3.0 V10,ford-vjm1-zetec-r-30-v10,VJM1 Zetec-R
NATURALLY_ASPIRATED,3.0,V10,ford,Ford VJM2 Zetec-R 3.0 V10,ford-vjm2-zetec-r-30-v10,VJM2 Zetec-R
NATURALLY_ASPIRATED,1.5,L4,gordini,Gordini 1500 1.5 L4,gordini-1500-15-l4,1500
SUPERCHARGED,1.5,L4,gordini,Gordini 15C 1.5 L4 S,gordini-15c-15-l4-s,15C
NATURALLY_ASPIRATED,2.0,L6,gordini,Gordini 20 2.0 L6,gordini-20-20-l6,20
NATURALLY_ASPIRATED,2.5,L6,gordini,Gordini 23 2.5 L6,gordini-23-25-l6,23
NATURALLY_ASPIRATED,2.5,L8,gordini,Gordini 25 2.5 L8,gordini-25-25-l8,25
NATURALLY_ASPIRATED,3.5,V10,hart,Hart 1035 3.5 V10,hart-1035-35-v10,1035
TURBOCHARGED,1.5,L4,hart,Hart 415T 1.5 L4 T,hart-415t-15-l4-t,415T
NATURALLY_ASPIRATED,3.0,V8,hart,Hart 830 3.0 V8,hart-830-30-v8,830
NATURALLY_ASPIRATED,3.0,V8,hart,Hart 830 AV7 3.0 V8,hart-830-av7-30-v8,830 AV7
NATURALLY_ASPIRATED,3.0,V10,honda,Honda RA000E 3.0 V10,honda-ra000e-30-v10,RA000E
NATURALLY_ASPIRATED,3.0,V10,honda,Honda RA001E 3.0 V10,honda-ra001e-30-v10,RA001E
NATURALLY_ASPIRATED,3.0,V10,honda,Honda RA002E 3.0 V10,honda-ra002e-30-v10,RA002E
NATURALLY_ASPIRATED,3.0,V10,honda,Honda RA003E 3.0 V10,honda-ra003e-30-v10,RA003E
NATURALLY_ASPIRATED,3.0,V10,honda,Honda RA004E 3.0 V10,honda-ra004e-30-v10,RA004E
NATURALLY_ASPIRATED,3.0,V10,honda,Honda RA005E 3.0 V10,honda-ra005e-30-v10,RA005E
NATURALLY_ASPIRATED,3.5,V10,honda,Honda RA101E 3.5 V10,honda-ra101e-35-v10,RA101E
NATURALLY_ASPIRATED,3.5,V10,honda,Honda RA109E 3.5 V10,honda-ra109e-35-v10,RA109E
NATURALLY_ASPIRATED,3.5,V12,honda,Honda RA121E 3.5 V12,honda-ra121e-35-v12,RA121E
NATURALLY_ASPIRATED,3.5,V12,honda,Honda RA122E 3.5 V12,honda-ra122e-35-v12,RA122E
NATURALLY_ASPIRATED,3.5,V12,honda,Honda RA122E/B 3.5 V12,honda-ra122e-b-35-v12,RA122E/B
TURBOCHARGED,1.5,V6,honda,Honda RA163E 1.5 V6 T,honda-ra163e-15-v6-t,RA163E
TURBOCHARGED,1.5,V6,honda,Honda RA164E 1.5 V6 T,honda-ra164e-15-v6-t,RA164E
TURBOCHARGED,1.5,V6,honda,Honda RA165E 1.5 V6 T,honda-ra165e-15-v6-t,RA165E
TURBOCHARGED,1.5,V6,honda,Honda RA166E 1.5 V6 T,honda-ra166e-15-v6-t,RA166E
TURBOCHARGED,1.5,V6,honda,Honda RA167E 1.5 V6 T,honda-ra167e-15-v6-t,RA167E
TURBOCHARGED,1.5,V6,honda,Honda RA168E 1.5 V6 T,honda-ra168e-15-v6-t,RA168E
NATURALLY_ASPIRATED,1.5,V12,honda,Honda RA271E 1.5 V12,honda-ra271e-15-v12,RA271E
NATURALLY_ASPIRATED,1.5,V12,honda,Honda RA272E 1.5 V12,honda-ra272e-15-v12,RA272E
NATURALLY_ASPIRATED,3.0,V12,honda,Honda RA273E 3.0 V12,honda-ra273e-30-v12,RA273E
NATURALLY_ASPIRATED,3.0,V12,honda,Honda RA301E 3.0 V12,honda-ra301e-30-v12,RA301E
NATURALLY_ASPIRATED,3.0,V8,honda,Honda RA302E 3.0 V8,honda-ra302e-30-v8,RA302E
TURBOCHARGED_HYBRID,1.6,V6,honda,Honda RA615H 1.6 V6 T H,honda-ra615h-16-v6-t-h,RA615H
TURBOCHARGED_HYBRID,1.6,V6,honda,Honda RA616H 1.6 V6 T H,honda-ra616h-16-v6-t-h,RA616H
TURBOCHARGED_HYBRID,1.6,V6,honda,Honda RA617H 1.6 V6 T H,honda-ra617h-16-v6-t-h,RA617H
TURBOCHARGED_HYBRID,1.6,V6,honda,Honda RA618H 1.6 V6 T H,honda-ra618h-16-v6-t-h,RA618H
TURBOCHARGED_HYBRID,1.6,V6,honda,Honda RA619H 1.6 V6 T H,honda-ra619h-16-v6-t-h,RA619H
TURBOCHARGED_HYBRID,1.6,V6,honda,Honda RA620H 1.6 V6 T H,honda-ra620h-16-v6-t-h,RA620H
TURBOCHARGED_HYBRID,1.6,V6,honda,Honda RA621H 1.6 V6 T H,honda-ra621h-16-v6-t-h,RA621H
NATURALLY_ASPIRATED,2.4,V8,honda,Honda RA806E 2.4 V8,honda-ra806e-24-v8,RA806E
NATURALLY_ASPIRATED,2.4,V8,honda,Honda RA807E 2.4 V8,honda-ra807e-24-v8,RA807E
NATURALLY_ASPIRATED,2.4,V8,honda,Honda RA808E 2.4 V8,honda-ra808e-24-v8,RA808E
TURBOCHARGED_HYBRID,1.6,V6,honda-rbpt,Honda RBPTH001 1.6 V6 T H,honda-rbpt-rbpth001-16-v6-t-h,RBPTH001
TURBOCHARGED_HYBRID,1.6,V6,honda-rbpt,Honda RBPTH002 1.6 V6 T H,honda-rbpt-rbpth002-16-v6-t-h,RBPTH002
NATURALLY_ASPIRATED,3.5,V10,ilmor,Ilmor 2175A 3.5 V10,ilmor-2175a-35-v10,2175A
NATURALLY_ASPIRATED,3.4,L6,jaguar,Jaguar XK 3.4 L6,jaguar-xk-34-l6,XK
NATURALLY_ASPIRATED,1.1,V2,jap,JAP 1.1 V2,jap-11-v2,JAP
NATURALLY_ASPIRATED,3.5,V8,judd,Judd CV 3.5 V8,judd-cv-35-v8,CV
NATURALLY_ASPIRATED,3.5,V8,judd,Judd EV 3.5 V8,judd-ev-35-v8,EV
NATURALLY_ASPIRATED,3.5,V10,judd,Judd GV 3.5 V10,judd-gv-35-v10,GV
NATURALLY_ASPIRATED,2.0,V8,kuchen,Küchen 2.0 V8,kuchen-20-v8,Küchen
NATURALLY_ASPIRATED,3.5,V12,lamborghini,Lamborghini 3512 3.5 V12,lamborghini-3512-35-v12,3512
NATURALLY_ASPIRATED,2.5,V8,lancia,Lancia DS50 2.5 V8,lancia-ds50-25-v8,DS50
NATURALLY_ASPIRATED,2.0,L4,lea-francis,Lea Francis 2.0 L4,lea-francis-20-l4,Lea Francis
NATURALLY_ASPIRATED,3.5,W12,life,Life F35 3.5 W12,life-f35-35-w12,F35
NATURALLY_ASPIRATED,3.0,V12,maserati,Maserati 10/F1 3.0 V12,maserati-10-f1-30-v12,10/F1
NATURALLY_ASPIRATED,2.5,L6,maserati,Maserati 250F1 2.5 L6,maserati-250f1-25-l6,250F1
NATURALLY_ASPIRATED,2.5,V12,maserati,Maserati 250F1 2.5 V12,maserati-250f1-25-v12,250F1
NATURALLY_ASPIRATED,2.5,L4,maserati,Maserati 250S 2.5 L4,maserati-250s-25-l4,250S
SUPERCHARGED,1.5,L4,maserati,Maserati 4CL 1.5 L4 S,maserati-4cl-15-l4-s,4CL
SUPERCHARGED,1.5,L4,maserati,Maserati 4CLT 1.5 L4 S,maserati-4clt-15-l4-s,4CLT
NATURALLY_ASPIRATED,2.5,L4,maserati,Maserati 4CLT 2.5 L4,maserati-4clt-25-l4,4CLT
NATURALLY_ASPIRATED,1.5,L4,maserati,Maserati 6-1500 1.5 L4,maserati-6-1500-15-l4,6-1500
NATURALLY_ASPIRATED,3.0,V12,maserati,Maserati 9/F1 3.0 V12,maserati-9-f1-30-v12,9/F1
NATURALLY_ASPIRATED,2.0,L6,maserati,Maserati A6 2.0 L6,maserati-a6-20-l6,A6
NATURALLY_ASPIRATED,1.5,L4,maserati,Maserati Tipo 6 1.5 L4,maserati-tipo-6-15-l4,Tipo 6
NATURALLY_ASPIRATED,3.0,V12,matra,Matra MS12 3.0 V12,matra-ms12-30-v12,MS12
NATURALLY_ASPIRATED,3.0,V12,matra,Matra MS71 3.0 V12,matra-ms71-30-v12,MS71
NATURALLY_ASPIRATED,3.0,V12,matra,Matra MS72 3.0 V12,matra-ms72-30-v12,MS72
NATURALLY_ASPIRATED,3.0,V12,matra,Matra MS73 3.0 V12,matra-ms73-30-v12,MS73
NATURALLY_ASPIRATED,3.0,V12,matra,Matra MS76 3.0 V12,matra-ms76-30-v12,MS76
NATURALLY_ASPIRATED,3.0,V12,matra,Matra MS78 3.0 V12,matra-ms78-30-v12,MS78
NATURALLY_ASPIRATED,3.0,V12,matra,Matra MS81 3.0 V12,matra-ms81-30-v12,MS81
NATURALLY_ASPIRATED,3.0,V12,matra,Matra MS9 3.0 V12,matra-ms9-30-v12,MS9
NATURALLY_ASPIRATED,3.0,V10,mecachrome,Mecachrome GC37-01 3.0 V10,mecachrome-gc37-01-30-v10,GC37-01
TURBOCHARGED,1.5,L4,megatron,Megatron M12/13 1.5 L4 T,megatron-m12-13-15-l4-t,M12/13
TURBOCHARGED_HYBRID,1.6,V6,mercedes,Mercedes-AMG F1 M11 1.6 V6 T H,mercedes-amg-f1-m11-16-v6-t-h,AMG F1 M11
TURBOCHARGED_HYBRID,1.6,V6,mercedes,Mercedes-AMG F1 M12 1.6 V6 T H,mercedes-amg-f1-m12-16-v6-t-h,AMG F1 M12
TURBOCHARGED_HYBRID,1.6,V6,mercedes,Mercedes-AMG F1 M13 1.6 V6 T H,mercedes-amg-f1-m13-16-v6-t-h,AMG F1 M13
TURBOCHARGED_HYBRID,1.6,V6,mercedes,Mercedes-AMG F1 M14 1.6 V6 T H,mercedes-amg-f1-m14-16-v6-t-h,AMG F1 M14
TURBOCHARGED_HYBRID,1.6,V6,mercedes,Mercedes-AMG F1 M15 1.6 V6 T H,mercedes-amg-f1-m15-16-v6-t-h,AMG F1 M15
TURBOCHARGED_HYBRID,1.6,V6,mercedes,Mercedes-AMG F1 M16 1.6 V6 T H,mercedes-amg-f1-m16-16-v6-t-h,AMG F1 M16
NATURALLY_ASPIRATED,3.5,V10,mercedes,Mercedes-Benz 2175B 3.5 V10,mercedes-benz-2175b-35-v10,2175B
NATURALLY_ASPIRATED,2.4,V8,mercedes,Mercedes FO 108F 2.4 V8,mercedes-fo-108f-24-v8,FO 108F
NATURALLY_ASPIRATED,2.4,V8,mercedes,Mercedes FO 108S 2.4 V8,mercedes-fo-108s-24-v8,FO 108S
NATURALLY_ASPIRATED,2.4,V8,mercedes,Mercedes FO 108T 2.4 V8,mercedes-fo-108t-24-v8,FO 108T
NATURALLY_ASPIRATED,2.4,V8,mercedes,Mercedes FO 108V 2.4 V8,mercedes-fo-108v-24-v8,FO 108V
NATURALLY_ASPIRATED,2.4,V8,mercedes,Mercedes FO 108W 2.4 V8,mercedes-fo-108w-24-v8,FO 108W
NATURALLY_ASPIRATED,2.4,V8,mercedes,Mercedes FO 108X 2.4 V8,mercedes-fo-108x-24-v8,FO 108X
NATURALLY_ASPIRATED,2.4,V8,mercedes,Mercedes FO 108Y 2.4 V8,mercedes-fo-108y-24-v8,FO 108Y
NATURALLY_ASPIRATED,2.4,V8,mercedes,Mercedes FO 108Z 2.4 V8,mercedes-fo-108z-24-v8,FO 108Z
NATURALLY_ASPIRATED,3.0,V10,mercedes,Mercedes FO 110/3 3.0 V10,mercedes-fo-110-3-30-v10,FO 110/3
NATURALLY_ASPIRATED,3.0,V10,mercedes,Mercedes FO 110 3.0 V10,mercedes-fo-110-30-v10,FO 110
NATURALLY_ASPIRATED,3.0,V10,mercedes,Mercedes FO 110E 3.0 V10,mercedes-fo-110e-30-v10,FO 110E
NATURALLY_ASPIRATED,3.0,V10,mercedes,Mercedes FO 110F 3.0 V10,mercedes-fo-110f-30-v10,FO 110F
NATURALLY_ASPIRATED,3.0,V10,mercedes,Mercedes FO 110G 3.0 V10,mercedes-fo-110g-30-v10,FO 110G
NATURALLY_ASPIRATED,3.0,V10,mercedes,Mercedes FO 110H 3.0 V10,mercedes-fo-110h-30-v10,FO 110H
NATURALLY_ASPIRATED,3.0,V10,mercedes,Mercedes FO 110J 3.0 V10,mercedes-fo-110j-30-v10,FO 110J
NATURALLY_ASPIRATED,3.0,V10,mercedes,Mercedes FO 110K 3.0 V10,mercedes-fo-110k-30-v10,FO 110K
NATURALLY_ASPIRATED,3.0,V10,mercedes,Mercedes FO 110M 3.0 V10,mercedes-fo-110m-30-v10,FO 110M
NATURALLY_ASPIRATED,3.0,V10,mercedes,Mercedes FO 110P 3.0 V10,mercedes-fo-110p-30-v10,FO 110P
NATURALLY_ASPIRATED,3.0,V10,mercedes,Mercedes FO 110Q 3.0 V10,mercedes-fo-110q-30-v10,FO 110Q
NATURALLY_ASPIRATED,3.0,V10,mercedes,Mercedes FO 110R 3.0 V10,mercedes-fo-110r-30-v10,FO 110R
TURBOCHARGED_HYBRID,1.6,V6,mercedes,Mercedes M08 EQ Power+ 1.6 V6 T H,mercedes-m08-16-v6-t-h,M08
TURBOCHARGED_HYBRID,1.6,V6,mercedes,Mercedes M09 EQ Power+ 1.6 V6 T H,mercedes-m09-16-v6-t-h,M09
TURBOCHARGED_HYBRID,1.6,V6,mercedes,Mercedes M10 EQ Power+ 1.6 V6 T H,mercedes-m10-16-v6-t-h,M10
NATURALLY_ASPIRATED,2.5,L8,mercedes,Mercedes M196 2.5 L8,mercedes-m196-25-l8,M196
TURBOCHARGED_HYBRID,1.6,V6,mercedes,Mercedes PU106A Hybrid 1.6 V6 T H,mercedes-pu106a-16-v6-t-h,PU106A
TURBOCHARGED_HYBRID,1.6,V6,mercedes,Mercedes PU106B Hybrid 1.6 V6 T H,mercedes-pu106b-16-v6-t-h,PU106B
TURBOCHARGED_HYBRID,1.6,V6,mercedes,Mercedes PU106C Hybrid 1.6 V6 T H,mercedes-pu106c-16-v6-t-h,PU106C
SUPERCHARGED,1.5,L4,milano,Milano 1.5 L4 S,milano-15-l4-s,Milano
TURBOCHARGED,1.5,V6,motori-moderni,Motori Moderni Tipo 615-90 1.5 V6 T,motori-moderni-tipo-615-90-15-v6-t,Tipo 615-90
NATURALLY_ASPIRATED,3.0,V10,mugen-honda,Mugen-Honda MF-301 3.0 V10,mugen-honda-mf-301-30-v10,MF-301
NATURALLY_ASPIRATED,3.0,V10,mugen-honda,Mugen-Honda MF-301HA 3.0 V10,mugen-honda-mf-301ha-30-v10,MF-301HA
NATURALLY_ASPIRATED,3.0,V10,mugen-honda,Mugen-Honda MF-301HB 3.0 V10,mugen-honda-mf-301hb-30-v10,MF-301HB
NATURALLY_ASPIRATED,3.0,V10,mugen-honda,Mugen-Honda MF-301HC 3.0 V10,mugen-honda-mf-301hc-30-v10,MF-301HC
NATURALLY_ASPIRATED,3.0,V10,mugen-honda,Mugen-Honda MF-301HD 3.0 V10,mugen-honda-mf-301hd-30-v10,MF-301HD
NATURALLY_ASPIRATED,3.0,V10,mugen-honda,Mugen-Honda MF-301HE 3.0 V10,mugen-honda-mf-301he-30-v10,MF-301HE
NATURALLY_ASPIRATED,3.5,V10,mugen-honda,Mugen-Honda MF-351H 3.5 V10,mugen-honda-mf-351h-35-v10,MF-351H
NATURALLY_ASPIRATED,3.5,V10,mugen-honda,Mugen-Honda MF-351HB 3.5 V10,mugen-honda-mf-351hb-35-v10,MF-351HB
NATURALLY_ASPIRATED,3.5,V10,mugen-honda,Mugen-Honda MF-351HC 3.5 V10,mugen-honda-mf-351hc-35-v10,MF-351HC
NATURALLY_ASPIRATED,3.5,V10,mugen-honda,Mugen-Honda MF-351HD 3.5 V10,mugen-honda-mf-351hd-35-v10,MF-351HD
SUPERCHARGED,3.0,L8,novi,Novi 3.0 L8 S,novi-30-l8-s,Novi
NATURALLY_ASPIRATED,1.7,L4,offenhauser,Offenhauser 1.7 L4,offenhauser-17-l4,Offenhauser
SUPERCHARGED,3.0,L4,offenhauser,Offenhauser 3.0 L4 S,offenhauser-30-l4-s,Offenhauser
NATURALLY_ASPIRATED,4.5,L4,offenhauser,Offenhauser 4.5 L4,offenhauser-45-l4,Offenhauser
NATURALLY_ASPIRATED,2.0,L4,osca,OSCA 2.0 L4,osca-20-l4,OSCA
NATURALLY_ASPIRATED,2.0,L6,osca,OSCA 2000 2.0 L6,osca-2000-20-l6,2000
NATURALLY_ASPIRATED,1.5,L4,osca,OSCA 372 1.5 L4,osca-372-15-l4,372
NATURALLY_ASPIRATED,4.5,V12,osca,OSCA 4500 4.5 V12,osca-4500-45-v12,4500
TURBOCHARGED,1.5,V8,osella,Osella 890T 1.5 V8 T,osella-890t-15-v8-t,890T
NATURALLY_ASPIRATED,3.0,V10,petronas,Petronas 01A 3.0 V10,petronas-01a-30-v10,01A
NATURALLY_ASPIRATED,3.0,V10,petronas,Petronas 02A 3.0 V10,petronas-02a-30-v10,02A
NATURALLY_ASPIRATED,3.0,V10,petronas,Petronas 03A 3.0 V10,petronas-03a-30-v10,03A
NATURALLY_ASPIRATED,3.0,V10,petronas,Petronas 04A 3.0 V10,petronas-04a-30-v10,04A
NATURALLY_ASPIRATED,3.0,V10,petronas,Petronas 05A 3.0 V10,petronas-05a-30-v10,05A
NATURALLY_ASPIRATED,3.0,V10,petronas,Petronas SPE-01 3.0 V10,petronas-spe-01-30-v10,SPE-01
NATURALLY_ASPIRATED,3.0,V10,petronas,Petronas SPE-01D 3.0 V10,petronas-spe-01d-30-v10,SPE-01D
NATURALLY_ASPIRATED,3.0,V10,petronas,Petronas SPE-03A 3.0 V10,petronas-spe-03a-30-v10,SPE-03A
NATURALLY_ASPIRATED,3.0,V10,petronas,Petronas SPE-04A 3.0 V10,petronas-spe-04a-30-v10,SPE-04A
NATURALLY_ASPIRATED,3.0,V10,peugeot,Peugeot A10 3.0 V10,peugeot-a10-30-v10,A10
NATURALLY_ASPIRATED,3.0,V10,peugeot,Peugeot A12 EV5 3.0 V10,peugeot-a12-ev5-30-v10,A12 EV5
NATURALLY_ASPIRATED,3.0,V10,peugeot,Peugeot A14 3.0 V10,peugeot-a14-30-v10,A14
NATURALLY_ASPIRATED,3.0,V10,peugeot,Peugeot A16 3.0 V10,peugeot-a16-30-v10,A16
NATURALLY_ASPIRATED,3.0,V10,peugeot,Peugeot A18 3.0 V10,peugeot-a18-30-v10,A18
NATURALLY_ASPIRATED,3.0,V10,peugeot,Peugeot A20 3.0 V10,peugeot-a20-30-v10,A20
NATURALLY_ASPIRATED,3.5,V10,peugeot,Peugeot A6 3.5 V10,peugeot-a6-35-v10,A6
NATURALLY_ASPIRATED,2.0,L4,plate,Platé 2.0 L4,plate-20-l4,Platé
NATURALLY_ASPIRATED,3.0,V10,playlife,Playlife FB01 3.0 V10,playlife-fb01-30-v10,FB01
NATURALLY_ASPIRATED,3.0,V10,playlife,Playlife FB02 3.0 V10,playlife-fb02-30-v10,FB02
NATURALLY_ASPIRATED,3.0,V10,playlife,Playlife GC37-01 3.0 V10,playlife-gc37-01-30-v10,GC37-01
NATURALLY_ASPIRATED,3.5,V12,porsche,Porsche 3512 3.5 V12,porsche-3512-35-v12,3512
NATURALLY_ASPIRATED,1.5,F4,porsche,Porsche 547/3 1.5 F4,porsche-547-3-15-f4,547/3
NATURALLY_ASPIRATED,1.5,F8,porsche,Porsche 753 1.5 F8,porsche-753-15-f8,753
,,,pratt-whitney,Pratt & Whitney STN76 tbn,pratt-whitney-stn76-tbn,STN76
TURBOCHARGED_HYBRID,1.6,V6,rbpt,Red Bull RBPTH001 1.6 V6 T H,rbpt-rbpth001-16-v6-t-h,RBPTH001
TURBOCHARGED_HYBRID,1.6,V6,renault,Renault E-Tech 19 1.6 V6 T H,renault-e-tech-19-16-v6-t-h,E-Tech 19
TURBOCHARGED_HYBRID,1.6,V6,renault,Renault E-Tech 20 1.6 V6 T H,renault-e-tech-20-16-v6-t-h,E-Tech 20
TURBOCHARGED_HYBRID,1.6,V6,renault,Renault E-Tech 20B 1.6 V6 T H,renault-e-tech-20b-16-v6-t-h,E-Tech 20B
TURBOCHARGED_HYBRID,1.6,V6,renault,Renault E-Tech RE22 1.6 V6 T H,renault-e-tech-re22-16-v6-t-h,E-Tech RE22
TURBOCHARGED_HYBRID,1.6,V6,renault,Renault E-Tech RE23 1.6 V6 T H,renault-e-tech-re23-16-v6-t-h,E-Tech RE23
TURBOCHARGED_HYBRID,1.6,V6,renault,Renault E-Tech RE24 1.6 V6 T H,renault-e-tech-re24-16-v6-t-h,E-Tech RE24
TURBOCHARGED_HYBRID,1.6,V6,renault,Renault E-Tech RE25 1.6 V6 T H,renault-e-tech-re25-16-v6-t-h,E-Tech RE25
TURBOCHARGED,1.5,V6,renault,Renault EF15 1.5 V6 T,renault-ef15-15-v6-t,EF15
TURBOCHARGED,1.5,V6,renault,Renault EF15B 1.5 V6 T,renault-ef15b-15-v6-t,EF15B
TURBOCHARGED,1.5,V6,renault,Renault EF4 1.5 V6 T,renault-ef4-15-v6-t,EF4
TURBOCHARGED,1.5,V6,renault,Renault EF4B 1.5 V6 T,renault-ef4b-15-v6-t,EF4B
TURBOCHARGED_HYBRID,1.6,V6,renault,Renault Energy F1 2014 1.6 V6 T H,renault-energy-f1-2014-16-v6-t-h,Energy F1 2014
TURBOCHARGED_HYBRID,1.6,V6,renault,Renault Energy F1 2015 1.6 V6 T H,renault-energy-f1-2015-16-v6-t-h,Energy F1 2015
TURBOCHARGED,1.5,V6,renault,Renault-Gordini EF1 1.5 V6 T,renault-gordini-ef1-15-v6-t,Gordini EF1
TURBOCHARGED_HYBRID,1.6,V6,renault,Renault R.E.16 1.6 V6 T H,renault-re16-16-v6-t-h,R.E.16
TURBOCHARGED_HYBRID,1.6,V6,renault,Renault R.E.17 1.6 V6 T H,renault-re17-16-v6-t-h,R.E.17
TURBOCHARGED_HYBRID,1.6,V6,renault,Renault R.E.18 1.6 V6 T H,renault-re18-16-v6-t-h,R.E.18
NATURALLY_ASPIRATED,3.5,V10,renault,Renault RS1 3.5 V10,renault-rs1-35-v10,RS1
NATURALLY_ASPIRATED,3.5,V10,renault,Renault RS2 3.5 V10,renault-rs2-35-v10,RS2
NATURALLY_ASPIRATED,3.0,V10,renault,Renault RS21 3.0 V10,renault-rs21-30-v10,RS21
NATURALLY_ASPIRATED,3.0,V10,renault,Renault RS22 3.0 V10,renault-rs22-30-v10,RS22
NATURALLY_ASPIRATED,3.0,V10,renault,Renault RS23 3.0 V10,renault-rs23-30-v10,RS23
NATURALLY_ASPIRATED,3.0,V10,renault,Renault RS24 3.0 V10,renault-rs24-30-v10,RS24
NATURALLY_ASPIRATED,3.0,V10,renault,Renault RS25 3.0 V10,renault-rs25-30-v10,RS25
NATURALLY_ASPIRATED,2.4,V8,renault,Renault RS26 2.4 V8,renault-rs26-24-v8,RS26
NATURALLY_ASPIRATED,2.4,V8,renault,Renault RS27-2010 2.4 V8,renault-rs27-2010-24-v8,RS27-2010
NATURALLY_ASPIRATED,2.4,V8,renault,Renault RS27-2011 2.4 V8,renault-rs27-2011-24-v8,RS27-2011
NATURALLY_ASPIRATED,2.4,V8,renault,Renault RS27-2012 2.4 V8,renault-rs27-2012-24-v8,RS27-2012
NATURALLY_ASPIRATED,2.4,V8,renault,Renault RS27-2013 2.4 V8,renault-rs27-2013-24-v8,RS27-2013
NATURALLY_ASPIRATED,2.4,V8,renault,Renault RS27 2.4 V8,renault-rs27-24-v8,RS27
NATURALLY_ASPIRATED,3.5,V10,renault,Renault RS3 3.5 V10,renault-rs3-35-v10,RS3
NATURALLY_ASPIRATED,3.5,V10,renault,Renault RS3C 3.5 V10,renault-rs3c-35-v10,RS3C
NATURALLY_ASPIRATED,3.5,V10,renault,Renault RS4 3.5 V10,renault-rs4-35-v10,RS4
NATURALLY_ASPIRATED,3.5,V10,renault,Renault RS5 3.5 V10,renault-rs5-35-v10,RS5
NATURALLY_ASPIRATED,3.5,V10,renault,Renault RS6 3.5 V10,renault-rs6-35-v10,RS6
NATURALLY_ASPIRATED,3.0,V10,renault,Renault RS7 3.0 V10,renault-rs7-30-v10,RS7
NATURALLY_ASPIRATED,3.0,V10,renault,Renault RS8 3.0 V10,renault-rs8-30-v10,RS8
NATURALLY_ASPIRATED,3.0,V10,renault,Renault RS9 3.0 V10,renault-rs9-30-v10,RS9
NATURALLY_ASPIRATED,3.0,V10,renault,Renault RS9B 3.0 V10,renault-rs9b-30-v10,RS9B
NATURALLY_ASPIRATED,3.0,V8,repco,Repco 620 3.0 V8,repco-620-30-v8,620
NATURALLY_ASPIRATED,3.0,V8,repco,Repco 740 3.0 V8,repco-740-30-v8,740
NATURALLY_ASPIRATED,3.0,V8,repco,Repco 860 3.0 V8,repco-860-30-v8,860
NATURALLY_ASPIRATED,3.5,V10,sauber,Sauber 2175A 3.5 V10,sauber-2175a-35-v10,2175A
NATURALLY_ASPIRATED,3.5,V10,sauber,Sauber 2175B 3.5 V10,sauber-2175b-35-v10,2175B
NATURALLY_ASPIRATED,2.5,L4,scarab,Scarab 2.5 L4,scarab-25-l4,Scarab
NATURALLY_ASPIRATED,3.0,V8,serenissima,Serenissima M166 3.0 V8,serenissima-m166-30-v8,M166
NATURALLY_ASPIRATED,3.5,F12,subaru,Subaru 1235 3.5 F12,subaru-1235-35-f12,1235
NATURALLY_ASPIRATED,3.0,V10,supertec,Supertec FB01 3.0 V10,supertec-fb01-30-v10,FB01
NATURALLY_ASPIRATED,3.0,V10,supertec,Supertec FB02 3.0 V10,supertec-fb02-30-v10,FB02
TURBOCHARGED_HYBRID,1.6,V6,tag-heuer,TAG Heuer F1-2016 1.6 V6 T H,tag-heuer-f1-2016-16-v6-t-h,F1-2016
TURBOCHARGED_HYBRID,1.6,V6,tag-heuer,TAG Heuer F1-2017 1.6 V6 T H,tag-heuer-f1-2017-16-v6-t-h,F1-2017
TURBOCHARGED_HYBRID,1.6,V6,tag-heuer,TAG Heuer F1-2018 1.6 V6 T H,tag-heuer-f1-2018-16-v6-t-h,F1-2018
TURBOCHARGED,1.5,V6,tag,TAG TTE PO1 1.5 V6 T,tag-tte-po1-15-v6-t,TTE PO1
NATURALLY_ASPIRATED,4.5,L6,talbot-lago,Talbot 23CV 4.5 L6,talbot-lago-23cv-45-l6,23CV
NATURALLY_ASPIRATED,3.0,F12,tecno,Tecno Series-P 3.0 F12,tecno-series-p-30-f12,Series-P
TURBOCHARGED_HYBRID,1.6,V6,toro-rosso,Toro Rosso 1.6 V6 T H,toro-rosso-16-v6-t-h,Toro Rosso
NATURALLY_ASPIRATED,3.0,V10,toyota,Toyota RVX-02 3.0 V10,toyota-rvx-02-30-v10,RVX-02
NATURALLY_ASPIRATED,3.0,V10,toyota,Toyota RVX-03 3.0 V10,toyota-rvx-03-30-v10,RVX-03
NATURALLY_ASPIRATED,3.0,V10,toyota,Toyota RVX-04 3.0 V10,toyota-rvx-04-30-v10,RVX-04
NATURALLY_ASPIRATED,3.0,V10,toyota,Toyota RVX-05 3.0 V10,toyota-rvx-05-30-v10,RVX-05
NATURALLY_ASPIRATED,2.4,V8,toyota,Toyota RVX-06 2.4 V8,toyota-rvx-06-24-v8,RVX-06
NATURALLY_ASPIRATED,2.4,V8,toyota,Toyota RVX-07 2.4 V8,toyota-rvx-07-24-v8,RVX-07
NATURALLY_ASPIRATED,2.4,V8,toyota,Toyota RVX-08 2.4 V8,toyota-rvx-08-24-v8,RVX-08
NATURALLY_ASPIRATED,2.4,V8,toyota,Toyota RVX-09 2.4 V8,toyota-rvx-09-24-v8,RVX-09
NATURALLY_ASPIRATED,2.5,L4,vanwall,Vanwall 254 2.5 L4,vanwall-254-25-l4,254
NATURALLY_ASPIRATED,2.0,L6,veritas,Veritas 2.0 L6,veritas-20-l6,Veritas
NATURALLY_ASPIRATED,3.0,V12,weslake,Weslake 58 3.0 V12,weslake-58-30-v12,58
NATURALLY_ASPIRATED,3.5,V10,yamaha,Yamaha OX10A 3.5 V10,yamaha-ox10a-35-v10,OX10A
NATURALLY_ASPIRATED,3.5,V10,yamaha,Yamaha OX10B 3.5 V10,yamaha-ox10b-35-v10,OX10B
NATURALLY_ASPIRATED,3.0,V10,yamaha,Yamaha OX10C 3.0 V10,yamaha-ox10c-30-v10,OX10C
NATURALLY_ASPIRATED,3.0,V10,yamaha,Yamaha OX11A 3.0 V10,yamaha-ox11a-30-v10,OX11A
NATURALLY_ASPIRATED,3.0,V10,yamaha,Yamaha OX11C/D 3.0 V10,yamaha-ox11c-d-30-v10,OX11C/D
NATURALLY_ASPIRATED,3.5,V8,yamaha,Yamaha OX88 3.5 V8,yamaha-ox88-35-v8,OX88
NATURALLY_ASPIRATED,3.5,V12,yamaha,Yamaha OX99 3.5 V12,yamaha-ox99-35-v12,OX99
TURBOCHARGED,1.5,L4,zakspeed,Zakspeed 1500/4 1.5 L4 T,zakspeed-1500-4-15-l4-t,1500/4
